"Leader","sample","date","firm","region","party","pop_sup"
"LPC +2",1021,2025-10-17,"Nanos Research","National","LPC",39
"LPC +2",1021,2025-10-17,"Nanos Research","National","CPC",37
"LPC +2",1021,2025-10-17,"Nanos Research","National","NDP",12
"LPC +2",1021,2025-10-17,"Nanos Research","National","GPC",3
"LPC +2",1021,2025-10-17,"Nanos Research","National","BQ",7
"CPC +1",4501,2025-10-12,"Abacus Data","National","LPC",40
"CPC +1",4501,2025-10-12,"Abacus Data","National","CPC",41
"CPC +1",4501,2025-10-12,"Abacus Data","National","NDP",8
"CPC +1",4501,2025-10-12,"Abacus Data","National","GPC",3
"CPC +1",4501,2025-10-12,"Abacus Data","National","BQ",7
"LPC +2",1002,2025-10-10,"Nanos Research","National","LPC",39
"LPC +2",1002,2025-10-10,"Nanos Research","National","CPC",37
"LPC +2",1002,2025-10-10,"Nanos Research","National","NDP",12
"LPC +2",1002,2025-10-10,"Nanos Research","National","GPC",4
"LPC +2",1002,2025-10-10,"Nanos Research","National","BQ",7
"LPC +6",1562,2025-10-04,"Léger","National","LPC",44
"LPC +6",1562,2025-10-04,"Léger","National","CPC",38
"LPC +6",1562,2025-10-04,"Léger","National","NDP",6
"LPC +6",1562,2025-10-04,"Léger","National","GPC",3
"LPC +6",1562,2025-10-04,"Léger","National","BQ",7
"LPC +1",1027,2025-10-03,"Nanos Research","National","LPC",39
"LPC +1",1027,2025-10-03,"Nanos Research","National","CPC",38
"LPC +1",1027,2025-10-03,"Nanos Research","National","NDP",12
"LPC +1",1027,2025-10-03,"Nanos Research","National","GPC",4
"LPC +1",1027,2025-10-03,"Nanos Research","National","BQ",6
"CPC +1",1504,2025-09-29,"Abacus Data","National","LPC",40
"CPC +1",1504,2025-09-29,"Abacus Data","National","CPC",41
"CPC +1",1504,2025-09-29,"Abacus Data","National","NDP",7
"CPC +1",1504,2025-09-29,"Abacus Data","National","GPC",3
"CPC +1",1504,2025-09-29,"Abacus Data","National","BQ",7
"LPC +4",1030,2025-09-26,"Nanos Research","National","LPC",41
"LPC +4",1030,2025-09-26,"Nanos Research","National","CPC",37
"LPC +4",1030,2025-09-26,"Nanos Research","National","NDP",12
"LPC +4",1030,2025-09-26,"Nanos Research","National","GPC",4
"LPC +4",1030,2025-09-26,"Nanos Research","National","BQ",5
"CPC +3",1570,2025-09-21,"Angus Reid Institute","National","LPC",38
"CPC +3",1570,2025-09-21,"Angus Reid Institute","National","CPC",41
"CPC +3",1570,2025-09-21,"Angus Reid Institute","National","NDP",10
"CPC +3",1570,2025-09-21,"Angus Reid Institute","National","GPC",2
"CPC +3",1570,2025-09-21,"Angus Reid Institute","National","BQ",8
"LPC +6",1000,2025-09-20,"Liaison Strategies","National","LPC",43
"LPC +6",1000,2025-09-20,"Liaison Strategies","National","CPC",37
"LPC +6",1000,2025-09-20,"Liaison Strategies","National","NDP",10
"LPC +6",1000,2025-09-20,"Liaison Strategies","National","GPC",2
"LPC +6",1000,2025-09-20,"Liaison Strategies","National","BQ",5
"LPC +5",1056,2025-09-19,"Nanos Research","National","LPC",41
"LPC +5",1056,2025-09-19,"Nanos Research","National","CPC",36
"LPC +5",1056,2025-09-19,"Nanos Research","National","NDP",12
"LPC +5",1056,2025-09-19,"Nanos Research","National","GPC",3
"LPC +5",1056,2025-09-19,"Nanos Research","National","BQ",6
"Tie",2230,2025-09-15,"Abacus Data","National","LPC",40
"Tie",2230,2025-09-15,"Abacus Data","National","CPC",40
"Tie",2230,2025-09-15,"Abacus Data","National","NDP",8
"Tie",2230,2025-09-15,"Abacus Data","National","GPC",3
"Tie",2230,2025-09-15,"Abacus Data","National","BQ",7
"LPC +7",1049,2025-09-12,"Nanos Research","National","LPC",42
"LPC +7",1049,2025-09-12,"Nanos Research","National","CPC",35
"LPC +7",1049,2025-09-12,"Nanos Research","National","NDP",13
"LPC +7",1049,2025-09-12,"Nanos Research","National","GPC",3
"LPC +7",1049,2025-09-12,"Nanos Research","National","BQ",6
"LPC +5",1003,2025-09-11,"Research Co.","National","LPC",43
"LPC +5",1003,2025-09-11,"Research Co.","National","CPC",38
"LPC +5",1003,2025-09-11,"Research Co.","National","NDP",8
"LPC +5",1003,2025-09-11,"Research Co.","National","GPC",2
"LPC +5",1003,2025-09-11,"Research Co.","National","BQ",6
"LPC +8",1614,2025-09-09,"EKOS","National","LPC",42
"LPC +8",1614,2025-09-09,"EKOS","National","CPC",34
"LPC +8",1614,2025-09-09,"EKOS","National","NDP",13
"LPC +8",1614,2025-09-09,"EKOS","National","GPC",3
"LPC +8",1614,2025-09-09,"EKOS","National","BQ",5
"LPC +4",1001,2025-09-07,"Ipsos","National","LPC",43
"LPC +4",1001,2025-09-07,"Ipsos","National","CPC",39
"LPC +4",1001,2025-09-07,"Ipsos","National","NDP",7
"LPC +4",1001,2025-09-07,"Ipsos","National","GPC",1
"LPC +4",1001,2025-09-07,"Ipsos","National","BQ",7
"LPC +9",1592,2025-09-06,"Léger","National","LPC",47
"LPC +9",1592,2025-09-06,"Léger","National","CPC",38
"LPC +9",1592,2025-09-06,"Léger","National","NDP",6
"LPC +9",1592,2025-09-06,"Léger","National","GPC",2
"LPC +9",1592,2025-09-06,"Léger","National","BQ",6
"LPC +10",1002,2025-09-05,"Nanos Research","National","LPC",43
"LPC +10",1002,2025-09-05,"Nanos Research","National","CPC",33
"LPC +10",1002,2025-09-05,"Nanos Research","National","NDP",13
"LPC +10",1002,2025-09-05,"Nanos Research","National","GPC",4
"LPC +10",1002,2025-09-05,"Nanos Research","National","BQ",5
"CPC +2",3656,2025-09-02,"Angus Reid Institute","National","LPC",38
"CPC +2",3656,2025-09-02,"Angus Reid Institute","National","CPC",40
"CPC +2",3656,2025-09-02,"Angus Reid Institute","National","NDP",10
"CPC +2",3656,2025-09-02,"Angus Reid Institute","National","GPC",2
"CPC +2",3656,2025-09-02,"Angus Reid Institute","National","BQ",8
"LPC +3",1500,2025-08-31,"Abacus Data","National","LPC",43
"LPC +3",1500,2025-08-31,"Abacus Data","National","CPC",40
"LPC +3",1500,2025-08-31,"Abacus Data","National","NDP",6
"LPC +3",1500,2025-08-31,"Abacus Data","National","GPC",2
"LPC +3",1500,2025-08-31,"Abacus Data","National","BQ",7
"LPC +2",1008,2025-08-30,"Mainstreet Research","National","LPC",42
"LPC +2",1008,2025-08-30,"Mainstreet Research","National","CPC",40
"LPC +2",1008,2025-08-30,"Mainstreet Research","National","NDP",8
"LPC +2",1008,2025-08-30,"Mainstreet Research","National","GPC",1
"LPC +2",1008,2025-08-30,"Mainstreet Research","National","BQ",5
"LPC +11",1009,2025-08-29,"Nanos Research","National","LPC",43
"LPC +11",1009,2025-08-29,"Nanos Research","National","CPC",32
"LPC +11",1009,2025-08-29,"Nanos Research","National","NDP",13
"LPC +11",1009,2025-08-29,"Nanos Research","National","GPC",3
"LPC +11",1009,2025-08-29,"Nanos Research","National","BQ",6
"LPC +9",1000,2025-08-26,"Liaison Strategies","National","LPC",44
"LPC +9",1000,2025-08-26,"Liaison Strategies","National","CPC",35
"LPC +9",1000,2025-08-26,"Liaison Strategies","National","NDP",10
"LPC +9",1000,2025-08-26,"Liaison Strategies","National","GPC",2
"LPC +9",1000,2025-08-26,"Liaison Strategies","National","BQ",5
"LPC +10",1045,2025-08-22,"Nanos Research","National","LPC",44
"LPC +10",1045,2025-08-22,"Nanos Research","National","CPC",34
"LPC +10",1045,2025-08-22,"Nanos Research","National","NDP",11
"LPC +10",1045,2025-08-22,"Nanos Research","National","GPC",3
"LPC +10",1045,2025-08-22,"Nanos Research","National","BQ",6
"CPC +2",1915,2025-08-17,"Abacus Data","National","LPC",39
"CPC +2",1915,2025-08-17,"Abacus Data","National","CPC",41
"CPC +2",1915,2025-08-17,"Abacus Data","National","NDP",7
"CPC +2",1915,2025-08-17,"Abacus Data","National","GPC",2
"CPC +2",1915,2025-08-17,"Abacus Data","National","BQ",7
"LPC +12",1050,2025-08-15,"Nanos Research","National","LPC",44
"LPC +12",1050,2025-08-15,"Nanos Research","National","CPC",32
"LPC +12",1050,2025-08-15,"Nanos Research","National","NDP",12
"LPC +12",1050,2025-08-15,"Nanos Research","National","GPC",3
"LPC +12",1050,2025-08-15,"Nanos Research","National","BQ",5
"LPC +13",1094,2025-08-08,"Nanos Research","National","LPC",45
"LPC +13",1094,2025-08-08,"Nanos Research","National","CPC",32
"LPC +13",1094,2025-08-08,"Nanos Research","National","NDP",12
"LPC +13",1094,2025-08-08,"Nanos Research","National","GPC",3
"LPC +13",1094,2025-08-08,"Nanos Research","National","BQ",6
"LPC +9",1000,2025-08-07,"Liaison Strategies","National","LPC",44
"LPC +9",1000,2025-08-07,"Liaison Strategies","National","CPC",35
"LPC +9",1000,2025-08-07,"Liaison Strategies","National","NDP",11
"LPC +9",1000,2025-08-07,"Liaison Strategies","National","GPC",3
"LPC +9",1000,2025-08-07,"Liaison Strategies","National","BQ",6
"LPC +3",1686,2025-08-04,"Abacus Data","National","LPC",43
"LPC +3",1686,2025-08-04,"Abacus Data","National","CPC",40
"LPC +3",1686,2025-08-04,"Abacus Data","National","NDP",8
"LPC +3",1686,2025-08-04,"Abacus Data","National","GPC",2
"LPC +3",1686,2025-08-04,"Abacus Data","National","BQ",6
"LPC +10",1617,2025-08-03,"Léger","National","LPC",46
"LPC +10",1617,2025-08-03,"Léger","National","CPC",36
"LPC +10",1617,2025-08-03,"Léger","National","NDP",6
"LPC +10",1617,2025-08-03,"Léger","National","GPC",3
"LPC +10",1617,2025-08-03,"Léger","National","BQ",7
"LPC +11",1096,2025-08-01,"Nanos Research","National","LPC",44
"LPC +11",1096,2025-08-01,"Nanos Research","National","CPC",33
"LPC +11",1096,2025-08-01,"Nanos Research","National","NDP",12
"LPC +11",1096,2025-08-01,"Nanos Research","National","GPC",3
"LPC +11",1096,2025-08-01,"Nanos Research","National","BQ",5
"LPC +5",1301,2025-07-31,"Pallas Data","National","LPC",43
"LPC +5",1301,2025-07-31,"Pallas Data","National","CPC",38
"LPC +5",1301,2025-07-31,"Pallas Data","National","NDP",8
"LPC +5",1301,2025-07-31,"Pallas Data","National","GPC",2
"LPC +5",1301,2025-07-31,"Pallas Data","National","BQ",6
"LPC +10",1027,2025-07-25,"Nanos Research","National","LPC",44
"LPC +10",1027,2025-07-25,"Nanos Research","National","CPC",34
"LPC +10",1027,2025-07-25,"Nanos Research","National","NDP",12
"LPC +10",1027,2025-07-25,"Nanos Research","National","GPC",2
"LPC +10",1027,2025-07-25,"Nanos Research","National","BQ",6
"LPC +10",1026,2025-07-18,"Nanos Research","National","LPC",44
"LPC +10",1026,2025-07-18,"Nanos Research","National","CPC",34
"LPC +10",1026,2025-07-18,"Nanos Research","National","NDP",10
"LPC +10",1026,2025-07-18,"Nanos Research","National","GPC",2
"LPC +10",1026,2025-07-18,"Nanos Research","National","BQ",7
"LPC +3",1915,2025-07-13,"Abacus Data","National","LPC",43
"LPC +3",1915,2025-07-13,"Abacus Data","National","CPC",40
"LPC +3",1915,2025-07-13,"Abacus Data","National","NDP",7
"LPC +3",1915,2025-07-13,"Abacus Data","National","GPC",3
"LPC +3",1915,2025-07-13,"Abacus Data","National","BQ",7
"LPC +11",1047,2025-07-11,"Nanos Research","National","LPC",45
"LPC +11",1047,2025-07-11,"Nanos Research","National","CPC",34
"LPC +11",1047,2025-07-11,"Nanos Research","National","NDP",11
"LPC +11",1047,2025-07-11,"Nanos Research","National","GPC",2
"LPC +11",1047,2025-07-11,"Nanos Research","National","BQ",6
"LPC +12",1817,2025-07-11,"EKOS","National","LPC",43
"LPC +12",1817,2025-07-11,"EKOS","National","CPC",31
"LPC +12",1817,2025-07-11,"EKOS","National","NDP",13
"LPC +12",1817,2025-07-11,"EKOS","National","GPC",4
"LPC +12",1817,2025-07-11,"EKOS","National","BQ",6
"LPC +13",1546,2025-07-05,"Léger","National","LPC",48
"LPC +13",1546,2025-07-05,"Léger","National","CPC",35
"LPC +13",1546,2025-07-05,"Léger","National","NDP",7
"LPC +13",1546,2025-07-05,"Léger","National","GPC",3
"LPC +13",1546,2025-07-05,"Léger","National","BQ",6
"LPC +12",1056,2025-07-04,"Nanos Research","National","LPC",45
"LPC +12",1056,2025-07-04,"Nanos Research","National","CPC",33
"LPC +12",1056,2025-07-04,"Nanos Research","National","NDP",12
"LPC +12",1056,2025-07-04,"Nanos Research","National","GPC",2
"LPC +12",1056,2025-07-04,"Nanos Research","National","BQ",6
"LPC +10",1001,2025-07-01,"Research Co.","National","LPC",47
"LPC +10",1001,2025-07-01,"Research Co.","National","CPC",37
"LPC +10",1001,2025-07-01,"Research Co.","National","NDP",6
"LPC +10",1001,2025-07-01,"Research Co.","National","GPC",2
"LPC +10",1001,2025-07-01,"Research Co.","National","BQ",6
"LPC +1",1500,2025-06-29,"Abacus Data","National","LPC",41
"LPC +1",1500,2025-06-29,"Abacus Data","National","CPC",40
"LPC +1",1500,2025-06-29,"Abacus Data","National","NDP",9
"LPC +1",1500,2025-06-29,"Abacus Data","National","GPC",2
"LPC +1",1500,2025-06-29,"Abacus Data","National","BQ",7
"LPC +14",1076,2025-06-27,"Nanos Research","National","LPC",45
"LPC +14",1076,2025-06-27,"Nanos Research","National","CPC",31
"LPC +14",1076,2025-06-27,"Nanos Research","National","NDP",13
"LPC +14",1076,2025-06-27,"Nanos Research","National","GPC",3
"LPC +14",1076,2025-06-27,"Nanos Research","National","BQ",6
"LPC +9",1168,2025-06-26,"Mainstreet Research","National","LPC",47
"LPC +9",1168,2025-06-26,"Mainstreet Research","National","CPC",38
"LPC +9",1168,2025-06-26,"Mainstreet Research","National","NDP",6
"LPC +9",1168,2025-06-26,"Mainstreet Research","National","GPC",3
"LPC +9",1168,2025-06-26,"Mainstreet Research","National","BQ",3
"LPC +14",1090,2025-06-20,"Nanos Research","National","LPC",45
"LPC +14",1090,2025-06-20,"Nanos Research","National","CPC",31
"LPC +14",1090,2025-06-20,"Nanos Research","National","NDP",12
"LPC +14",1090,2025-06-20,"Nanos Research","National","GPC",3
"LPC +14",1090,2025-06-20,"Nanos Research","National","BQ",6
"LPC +3",1500,2025-06-18,"Abacus Data","National","LPC",42
"LPC +3",1500,2025-06-18,"Abacus Data","National","CPC",39
"LPC +3",1500,2025-06-18,"Abacus Data","National","NDP",7
"LPC +3",1500,2025-06-18,"Abacus Data","National","GPC",3
"LPC +3",1500,2025-06-18,"Abacus Data","National","BQ",6
"LPC +5",4029,2025-06-18,"Innovative Research","National","LPC",43
"LPC +5",4029,2025-06-18,"Innovative Research","National","CPC",38
"LPC +5",4029,2025-06-18,"Innovative Research","National","NDP",8
"LPC +5",4029,2025-06-18,"Innovative Research","National","GPC",3
"LPC +5",4029,2025-06-18,"Innovative Research","National","BQ",6
"LPC +12",1080,2025-06-13,"Nanos Research","National","LPC",44
"LPC +12",1080,2025-06-13,"Nanos Research","National","CPC",32
"LPC +12",1080,2025-06-13,"Nanos Research","National","NDP",11
"LPC +12",1080,2025-06-13,"Nanos Research","National","GPC",3
"LPC +12",1080,2025-06-13,"Nanos Research","National","BQ",6
"LPC +10",1079,2025-06-06,"Nanos Research","National","LPC",43
"LPC +10",1079,2025-06-06,"Nanos Research","National","CPC",33
"LPC +10",1079,2025-06-06,"Nanos Research","National","NDP",12
"LPC +10",1079,2025-06-06,"Nanos Research","National","GPC",4
"LPC +10",1079,2025-06-06,"Nanos Research","National","BQ",7
"LPC +3",2585,2025-06-04,"Abacus Data","National","LPC",42
"LPC +3",2585,2025-06-04,"Abacus Data","National","CPC",39
"LPC +3",2585,2025-06-04,"Abacus Data","National","NDP",8
"LPC +3",2585,2025-06-04,"Abacus Data","National","GPC",3
"LPC +3",2585,2025-06-04,"Abacus Data","National","BQ",6
"LPC +12",1529,2025-06-01,"EKOS","National","LPC",44
"LPC +12",1529,2025-06-01,"EKOS","National","CPC",32
"LPC +12",1529,2025-06-01,"EKOS","National","NDP",13
"LPC +12",1529,2025-06-01,"EKOS","National","GPC",3
"LPC +12",1529,2025-06-01,"EKOS","National","BQ",5
"LPC +6",1079,2025-05-30,"Nanos Research","National","LPC",42
"LPC +6",1079,2025-05-30,"Nanos Research","National","CPC",36
"LPC +6",1079,2025-05-30,"Nanos Research","National","NDP",11
"LPC +6",1079,2025-05-30,"Nanos Research","National","GPC",3
"LPC +6",1079,2025-05-30,"Nanos Research","National","BQ",7
"LPC +2",3450,2025-05-28,"Spark Advocacy","National","LPC",41
"LPC +2",3450,2025-05-28,"Spark Advocacy","National","CPC",39
"LPC +2",3450,2025-05-28,"Spark Advocacy","National","NDP",8
"LPC +2",3450,2025-05-28,"Spark Advocacy","National","GPC",NA
"LPC +2",3450,2025-05-28,"Spark Advocacy","National","BQ",7
"LPC +1",1081,2025-05-23,"Nanos Research","National","LPC",40
"LPC +1",1081,2025-05-23,"Nanos Research","National","CPC",39
"LPC +1",1081,2025-05-23,"Nanos Research","National","NDP",10
"LPC +1",1081,2025-05-23,"Nanos Research","National","GPC",4
"LPC +1",1081,2025-05-23,"Nanos Research","National","BQ",6
"LPC +1",2273,2025-05-18,"Abacus Data","National","LPC",41
"LPC +1",2273,2025-05-18,"Abacus Data","National","CPC",40
"LPC +1",2273,2025-05-18,"Abacus Data","National","NDP",8
"LPC +1",2273,2025-05-18,"Abacus Data","National","GPC",3
"LPC +1",2273,2025-05-18,"Abacus Data","National","BQ",7
"LPC +3",2517,2025-05-17,"Innovative Research","National","LPC",42
"LPC +3",2517,2025-05-17,"Innovative Research","National","CPC",39
"LPC +3",2517,2025-05-17,"Innovative Research","National","NDP",8
"LPC +3",2517,2025-05-17,"Innovative Research","National","GPC",3
"LPC +3",2517,2025-05-17,"Innovative Research","National","BQ",6
"LPC +1",1127,2025-05-16,"Nanos Research","National","LPC",41
"LPC +1",1127,2025-05-16,"Nanos Research","National","CPC",40
"LPC +1",1127,2025-05-16,"Nanos Research","National","NDP",9
"LPC +1",1127,2025-05-16,"Nanos Research","National","GPC",4
"LPC +1",1127,2025-05-16,"Nanos Research","National","BQ",5
"LPC +1",1139,2025-05-09,"Nanos Research","National","LPC",42
"LPC +1",1139,2025-05-09,"Nanos Research","National","CPC",41
"LPC +1",1139,2025-05-09,"Nanos Research","National","NDP",8
"LPC +1",1139,2025-05-09,"Nanos Research","National","GPC",3
"LPC +1",1139,2025-05-09,"Nanos Research","National","BQ",5
"LPC +3",1297,2025-05-02,"Nanos Research","National","LPC",42
"LPC +3",1297,2025-05-02,"Nanos Research","National","CPC",39
"LPC +3",1297,2025-05-02,"Nanos Research","National","NDP",8
"LPC +3",1297,2025-05-02,"Nanos Research","National","GPC",3
"LPC +3",1297,2025-05-02,"Nanos Research","National","BQ",6
"LPC +3",1502,2025-04-30,"Léger","National","LPC",44
"LPC +3",1502,2025-04-30,"Léger","National","CPC",41
"LPC +3",1502,2025-04-30,"Léger","National","NDP",6
"LPC +3",1502,2025-04-30,"Léger","National","GPC",1
"LPC +3",1502,2025-04-30,"Léger","National","BQ",6
"LPC +2.5",19641663,2025-04-28,"General election","National","LPC",43.8
"LPC +2.5",19641663,2025-04-28,"General election","National","CPC",41.3
"LPC +2.5",19641663,2025-04-28,"General election","National","NDP",6.3
"LPC +2.5",19641663,2025-04-28,"General election","National","GPC",1.2
"LPC +2.5",19641663,2025-04-28,"General election","National","BQ",6.3
"LPC +16",4501,2025-10-12,"Abacus Data","ATL","LPC",54
"LPC +16",4501,2025-10-12,"Abacus Data","ATL","CPC",38
"LPC +16",4501,2025-10-12,"Abacus Data","ATL","NDP",5
"LPC +16",4501,2025-10-12,"Abacus Data","ATL","GPC",3
"LPC +16",4501,2025-10-12,"Abacus Data","ATL","BQ",NA
"LPC +16",1562,2025-10-04,"Léger","ATL","LPC",49
"LPC +16",1562,2025-10-04,"Léger","ATL","CPC",33
"LPC +16",1562,2025-10-04,"Léger","ATL","NDP",9
"LPC +16",1562,2025-10-04,"Léger","ATL","GPC",7
"LPC +16",1562,2025-10-04,"Léger","ATL","BQ",NA
"LPC +6",1504,2025-09-29,"Abacus Data","ATL","LPC",47
"LPC +6",1504,2025-09-29,"Abacus Data","ATL","CPC",41
"LPC +6",1504,2025-09-29,"Abacus Data","ATL","NDP",6
"LPC +6",1504,2025-09-29,"Abacus Data","ATL","GPC",2
"LPC +6",1504,2025-09-29,"Abacus Data","ATL","BQ",NA
"LPC +17",1570,2025-09-21,"Angus Reid Institute","ATL","LPC",53
"LPC +17",1570,2025-09-21,"Angus Reid Institute","ATL","CPC",36
"LPC +17",1570,2025-09-21,"Angus Reid Institute","ATL","NDP",9
"LPC +17",1570,2025-09-21,"Angus Reid Institute","ATL","GPC",2
"LPC +17",1570,2025-09-21,"Angus Reid Institute","ATL","BQ",NA
"LPC +14",1000,2025-09-20,"Liaison Strategies","ATL","LPC",48
"LPC +14",1000,2025-09-20,"Liaison Strategies","ATL","CPC",34
"LPC +14",1000,2025-09-20,"Liaison Strategies","ATL","NDP",9
"LPC +14",1000,2025-09-20,"Liaison Strategies","ATL","GPC",3
"LPC +14",1000,2025-09-20,"Liaison Strategies","ATL","BQ",NA
"LPC +29",2230,2025-09-15,"Abacus Data","ATL","LPC",60
"LPC +29",2230,2025-09-15,"Abacus Data","ATL","CPC",31
"LPC +29",2230,2025-09-15,"Abacus Data","ATL","NDP",4
"LPC +29",2230,2025-09-15,"Abacus Data","ATL","GPC",2
"LPC +29",2230,2025-09-15,"Abacus Data","ATL","BQ",NA
"LPC +2",1003,2025-09-11,"Research Co.","ATL","LPC",39
"LPC +2",1003,2025-09-11,"Research Co.","ATL","CPC",37
"LPC +2",1003,2025-09-11,"Research Co.","ATL","NDP",21
"LPC +2",1003,2025-09-11,"Research Co.","ATL","GPC",1
"LPC +2",1003,2025-09-11,"Research Co.","ATL","BQ",NA
"LPC +31",1614,2025-09-09,"EKOS","ATL","LPC",60
"LPC +31",1614,2025-09-09,"EKOS","ATL","CPC",29
"LPC +31",1614,2025-09-09,"EKOS","ATL","NDP",9
"LPC +31",1614,2025-09-09,"EKOS","ATL","GPC",0
"LPC +31",1614,2025-09-09,"EKOS","ATL","BQ",NA
"LPC +29",1001,2025-09-07,"Ipsos","ATL","LPC",58
"LPC +29",1001,2025-09-07,"Ipsos","ATL","CPC",29
"LPC +29",1001,2025-09-07,"Ipsos","ATL","NDP",9
"LPC +29",1001,2025-09-07,"Ipsos","ATL","GPC",2
"LPC +29",1001,2025-09-07,"Ipsos","ATL","BQ",NA
"LPC +47",1592,2025-09-06,"Léger","ATL","LPC",70
"LPC +47",1592,2025-09-06,"Léger","ATL","CPC",23
"LPC +47",1592,2025-09-06,"Léger","ATL","NDP",6
"LPC +47",1592,2025-09-06,"Léger","ATL","GPC",0
"LPC +47",1592,2025-09-06,"Léger","ATL","BQ",NA
"LPC +13",3656,2025-09-02,"Angus Reid Institute","ATL","LPC",51
"LPC +13",3656,2025-09-02,"Angus Reid Institute","ATL","CPC",38
"LPC +13",3656,2025-09-02,"Angus Reid Institute","ATL","NDP",8
"LPC +13",3656,2025-09-02,"Angus Reid Institute","ATL","GPC",2
"LPC +13",3656,2025-09-02,"Angus Reid Institute","ATL","BQ",NA
"LPC +18",1500,2025-08-31,"Abacus Data","ATL","LPC",54
"LPC +18",1500,2025-08-31,"Abacus Data","ATL","CPC",36
"LPC +18",1500,2025-08-31,"Abacus Data","ATL","NDP",3
"LPC +18",1500,2025-08-31,"Abacus Data","ATL","GPC",2
"LPC +18",1500,2025-08-31,"Abacus Data","ATL","BQ",NA
"LPC +14",1008,2025-08-30,"Mainstreet Research","ATL","LPC",52
"LPC +14",1008,2025-08-30,"Mainstreet Research","ATL","CPC",38
"LPC +14",1008,2025-08-30,"Mainstreet Research","ATL","NDP",10
"LPC +14",1008,2025-08-30,"Mainstreet Research","ATL","GPC",0
"LPC +14",1008,2025-08-30,"Mainstreet Research","ATL","BQ",NA
"LPC +36",1000,2025-08-26,"Liaison Strategies","ATL","LPC",59
"LPC +36",1000,2025-08-26,"Liaison Strategies","ATL","CPC",23
"LPC +36",1000,2025-08-26,"Liaison Strategies","ATL","NDP",10
"LPC +36",1000,2025-08-26,"Liaison Strategies","ATL","GPC",3
"LPC +36",1000,2025-08-26,"Liaison Strategies","ATL","BQ",NA
"LPC +2",1915,2025-08-17,"Abacus Data","ATL","LPC",44
"LPC +2",1915,2025-08-17,"Abacus Data","ATL","CPC",42
"LPC +2",1915,2025-08-17,"Abacus Data","ATL","NDP",10
"LPC +2",1915,2025-08-17,"Abacus Data","ATL","GPC",0
"LPC +2",1915,2025-08-17,"Abacus Data","ATL","BQ",NA
"LPC +30",1000,2025-08-07,"Liaison Strategies","ATL","LPC",55
"LPC +30",1000,2025-08-07,"Liaison Strategies","ATL","CPC",25
"LPC +30",1000,2025-08-07,"Liaison Strategies","ATL","NDP",10
"LPC +30",1000,2025-08-07,"Liaison Strategies","ATL","GPC",5
"LPC +30",1000,2025-08-07,"Liaison Strategies","ATL","BQ",NA
"LPC +8",1686,2025-08-04,"Abacus Data","ATL","LPC",50
"LPC +8",1686,2025-08-04,"Abacus Data","ATL","CPC",42
"LPC +8",1686,2025-08-04,"Abacus Data","ATL","NDP",4
"LPC +8",1686,2025-08-04,"Abacus Data","ATL","GPC",1
"LPC +8",1686,2025-08-04,"Abacus Data","ATL","BQ",NA
"LPC +42",1617,2025-08-03,"Léger","ATL","LPC",68
"LPC +42",1617,2025-08-03,"Léger","ATL","CPC",26
"LPC +42",1617,2025-08-03,"Léger","ATL","NDP",3
"LPC +42",1617,2025-08-03,"Léger","ATL","GPC",1
"LPC +42",1617,2025-08-03,"Léger","ATL","BQ",NA
"LPC +38",1301,2025-07-31,"Pallas Data","ATL","LPC",67
"LPC +38",1301,2025-07-31,"Pallas Data","ATL","CPC",29
"LPC +38",1301,2025-07-31,"Pallas Data","ATL","NDP",2
"LPC +38",1301,2025-07-31,"Pallas Data","ATL","GPC",1
"LPC +38",1301,2025-07-31,"Pallas Data","ATL","BQ",NA
"LPC +17",1915,2025-07-13,"Abacus Data","ATL","LPC",55
"LPC +17",1915,2025-07-13,"Abacus Data","ATL","CPC",38
"LPC +17",1915,2025-07-13,"Abacus Data","ATL","NDP",3
"LPC +17",1915,2025-07-13,"Abacus Data","ATL","GPC",2
"LPC +17",1915,2025-07-13,"Abacus Data","ATL","BQ",NA
"LPC +31",1817,2025-07-11,"EKOS","ATL","LPC",54
"LPC +31",1817,2025-07-11,"EKOS","ATL","CPC",23
"LPC +31",1817,2025-07-11,"EKOS","ATL","NDP",17
"LPC +31",1817,2025-07-11,"EKOS","ATL","GPC",3
"LPC +31",1817,2025-07-11,"EKOS","ATL","BQ",NA
"LPC +30",1546,2025-07-05,"Léger","ATL","LPC",63
"LPC +30",1546,2025-07-05,"Léger","ATL","CPC",33
"LPC +30",1546,2025-07-05,"Léger","ATL","NDP",4
"LPC +30",1546,2025-07-05,"Léger","ATL","GPC",0
"LPC +30",1546,2025-07-05,"Léger","ATL","BQ",NA
"LPC +19",1001,2025-07-01,"Research Co.","ATL","LPC",57
"LPC +19",1001,2025-07-01,"Research Co.","ATL","CPC",38
"LPC +19",1001,2025-07-01,"Research Co.","ATL","NDP",2
"LPC +19",1001,2025-07-01,"Research Co.","ATL","GPC",3
"LPC +19",1001,2025-07-01,"Research Co.","ATL","BQ",NA
"LPC +10",1500,2025-06-29,"Abacus Data","ATL","LPC",47
"LPC +10",1500,2025-06-29,"Abacus Data","ATL","CPC",37
"LPC +10",1500,2025-06-29,"Abacus Data","ATL","NDP",12
"LPC +10",1500,2025-06-29,"Abacus Data","ATL","GPC",3
"LPC +10",1500,2025-06-29,"Abacus Data","ATL","BQ",NA
"LPC +10",1500,2025-06-18,"Abacus Data","ATL","LPC",48
"LPC +10",1500,2025-06-18,"Abacus Data","ATL","CPC",38
"LPC +10",1500,2025-06-18,"Abacus Data","ATL","NDP",6
"LPC +10",1500,2025-06-18,"Abacus Data","ATL","GPC",8
"LPC +10",1500,2025-06-18,"Abacus Data","ATL","BQ",NA
"LPC +19",4029,2025-06-18,"Innovative Research","ATL","LPC",54
"LPC +19",4029,2025-06-18,"Innovative Research","ATL","CPC",35
"LPC +19",4029,2025-06-18,"Innovative Research","ATL","NDP",7
"LPC +19",4029,2025-06-18,"Innovative Research","ATL","GPC",2
"LPC +19",4029,2025-06-18,"Innovative Research","ATL","BQ",NA
"LPC +23",2585,2025-06-04,"Abacus Data","ATL","LPC",56
"LPC +23",2585,2025-06-04,"Abacus Data","ATL","CPC",33
"LPC +23",2585,2025-06-04,"Abacus Data","ATL","NDP",6
"LPC +23",2585,2025-06-04,"Abacus Data","ATL","GPC",3
"LPC +23",2585,2025-06-04,"Abacus Data","ATL","BQ",NA
"LPC +25",3450,2025-05-28,"Spark Advocacy","ATL","LPC",58
"LPC +25",3450,2025-05-28,"Spark Advocacy","ATL","CPC",33
"LPC +25",3450,2025-05-28,"Spark Advocacy","ATL","NDP",7
"LPC +25",3450,2025-05-28,"Spark Advocacy","ATL","GPC",NA
"LPC +25",3450,2025-05-28,"Spark Advocacy","ATL","BQ",NA
"LPC +14",2273,2025-05-18,"Abacus Data","ATL","LPC",51
"LPC +14",2273,2025-05-18,"Abacus Data","ATL","CPC",37
"LPC +14",2273,2025-05-18,"Abacus Data","ATL","NDP",9
"LPC +14",2273,2025-05-18,"Abacus Data","ATL","GPC",2
"LPC +14",2273,2025-05-18,"Abacus Data","ATL","BQ",NA
"LPC +13",2517,2025-05-17,"Innovative Research","ATL","LPC",53
"LPC +13",2517,2025-05-17,"Innovative Research","ATL","CPC",40
"LPC +13",2517,2025-05-17,"Innovative Research","ATL","NDP",4
"LPC +13",2517,2025-05-17,"Innovative Research","ATL","GPC",1
"LPC +13",2517,2025-05-17,"Innovative Research","ATL","BQ",NA
"LPC +17",1502,2025-04-30,"Léger","ATL","LPC",55
"LPC +17",1502,2025-04-30,"Léger","ATL","CPC",38
"LPC +17",1502,2025-04-30,"Léger","ATL","NDP",4
"LPC +17",1502,2025-04-30,"Léger","ATL","GPC",1
"LPC +17",1502,2025-04-30,"Léger","ATL","BQ",NA
"LPC +3",4501,2025-10-12,"Abacus Data","QC","LPC",36
"LPC +3",4501,2025-10-12,"Abacus Data","QC","CPC",23
"LPC +3",4501,2025-10-12,"Abacus Data","QC","NDP",4
"LPC +3",4501,2025-10-12,"Abacus Data","QC","GPC",NA
"LPC +3",4501,2025-10-12,"Abacus Data","QC","BQ",33
"LPC +6",1562,2025-10-04,"Léger","QC","LPC",38
"LPC +6",1562,2025-10-04,"Léger","QC","CPC",23
"LPC +6",1562,2025-10-04,"Léger","QC","NDP",2
"LPC +6",1562,2025-10-04,"Léger","QC","GPC",NA
"LPC +6",1562,2025-10-04,"Léger","QC","BQ",32
"LPC +7",1504,2025-09-29,"Abacus Data","QC","LPC",37
"LPC +7",1504,2025-09-29,"Abacus Data","QC","CPC",26
"LPC +7",1504,2025-09-29,"Abacus Data","QC","NDP",1
"LPC +7",1504,2025-09-29,"Abacus Data","QC","GPC",NA
"LPC +7",1504,2025-09-29,"Abacus Data","QC","BQ",30
"LPC +2",1570,2025-09-21,"Angus Reid Institute","QC","LPC",35
"LPC +2",1570,2025-09-21,"Angus Reid Institute","QC","CPC",24
"LPC +2",1570,2025-09-21,"Angus Reid Institute","QC","NDP",5
"LPC +2",1570,2025-09-21,"Angus Reid Institute","QC","GPC",NA
"LPC +2",1570,2025-09-21,"Angus Reid Institute","QC","BQ",33
"LPC +17",1000,2025-09-20,"Liaison Strategies","QC","LPC",43
"LPC +17",1000,2025-09-20,"Liaison Strategies","QC","CPC",26
"LPC +17",1000,2025-09-20,"Liaison Strategies","QC","NDP",6
"LPC +17",1000,2025-09-20,"Liaison Strategies","QC","GPC",NA
"LPC +17",1000,2025-09-20,"Liaison Strategies","QC","BQ",23
"LPC +7",2230,2025-09-15,"Abacus Data","QC","LPC",36
"LPC +7",2230,2025-09-15,"Abacus Data","QC","CPC",21
"LPC +7",2230,2025-09-15,"Abacus Data","QC","NDP",7
"LPC +7",2230,2025-09-15,"Abacus Data","QC","GPC",NA
"LPC +7",2230,2025-09-15,"Abacus Data","QC","BQ",29
"LPC +12",1053,2025-09-14,"Léger","QC","LPC",42
"LPC +12",1053,2025-09-14,"Léger","QC","CPC",21
"LPC +12",1053,2025-09-14,"Léger","QC","NDP",4
"LPC +12",1053,2025-09-14,"Léger","QC","GPC",NA
"LPC +12",1053,2025-09-14,"Léger","QC","BQ",30
"LPC +15",1003,2025-09-11,"Research Co.","QC","LPC",43
"LPC +15",1003,2025-09-11,"Research Co.","QC","CPC",23
"LPC +15",1003,2025-09-11,"Research Co.","QC","NDP",4
"LPC +15",1003,2025-09-11,"Research Co.","QC","GPC",NA
"LPC +15",1003,2025-09-11,"Research Co.","QC","BQ",28
"LPC +18",1614,2025-09-09,"EKOS","QC","LPC",42
"LPC +18",1614,2025-09-09,"EKOS","QC","CPC",19
"LPC +18",1614,2025-09-09,"EKOS","QC","NDP",9
"LPC +18",1614,2025-09-09,"EKOS","QC","GPC",NA
"LPC +18",1614,2025-09-09,"EKOS","QC","BQ",24
"LPC +9",1001,2025-09-07,"Ipsos","QC","LPC",41
"LPC +9",1001,2025-09-07,"Ipsos","QC","CPC",23
"LPC +9",1001,2025-09-07,"Ipsos","QC","NDP",1
"LPC +9",1001,2025-09-07,"Ipsos","QC","GPC",NA
"LPC +9",1001,2025-09-07,"Ipsos","QC","BQ",32
"LPC +16",1592,2025-09-06,"Léger","QC","LPC",42
"LPC +16",1592,2025-09-06,"Léger","QC","CPC",26
"LPC +16",1592,2025-09-06,"Léger","QC","NDP",4
"LPC +16",1592,2025-09-06,"Léger","QC","GPC",NA
"LPC +16",1592,2025-09-06,"Léger","QC","BQ",26
"LPC +5",3656,2025-09-02,"Angus Reid Institute","QC","LPC",37
"LPC +5",3656,2025-09-02,"Angus Reid Institute","QC","CPC",21
"LPC +5",3656,2025-09-02,"Angus Reid Institute","QC","NDP",7
"LPC +5",3656,2025-09-02,"Angus Reid Institute","QC","GPC",NA
"LPC +5",3656,2025-09-02,"Angus Reid Institute","QC","BQ",32
"LPC +11",1500,2025-08-31,"Abacus Data","QC","LPC",41
"LPC +11",1500,2025-08-31,"Abacus Data","QC","CPC",24
"LPC +11",1500,2025-08-31,"Abacus Data","QC","NDP",2
"LPC +11",1500,2025-08-31,"Abacus Data","QC","GPC",NA
"LPC +11",1500,2025-08-31,"Abacus Data","QC","BQ",30
"LPC +14",1008,2025-08-30,"Mainstreet Research","QC","LPC",41
"LPC +14",1008,2025-08-30,"Mainstreet Research","QC","CPC",23
"LPC +14",1008,2025-08-30,"Mainstreet Research","QC","NDP",3
"LPC +14",1008,2025-08-30,"Mainstreet Research","QC","GPC",NA
"LPC +14",1008,2025-08-30,"Mainstreet Research","QC","BQ",27
"LPC +24",1000,2025-08-26,"Liaison Strategies","QC","LPC",47
"LPC +24",1000,2025-08-26,"Liaison Strategies","QC","CPC",22
"LPC +24",1000,2025-08-26,"Liaison Strategies","QC","NDP",6
"LPC +24",1000,2025-08-26,"Liaison Strategies","QC","GPC",NA
"LPC +24",1000,2025-08-26,"Liaison Strategies","QC","BQ",23
"LPC +15",977,2025-08-17,"Léger","QC","LPC",43
"LPC +15",977,2025-08-17,"Léger","QC","CPC",22
"LPC +15",977,2025-08-17,"Léger","QC","NDP",5
"LPC +15",977,2025-08-17,"Léger","QC","GPC",NA
"LPC +15",977,2025-08-17,"Léger","QC","BQ",28
"LPC +4",1915,2025-08-17,"Abacus Data","QC","LPC",40
"LPC +4",1915,2025-08-17,"Abacus Data","QC","CPC",21
"LPC +4",1915,2025-08-17,"Abacus Data","QC","NDP",2
"LPC +4",1915,2025-08-17,"Abacus Data","QC","GPC",NA
"LPC +4",1915,2025-08-17,"Abacus Data","QC","BQ",36
"LPC +22",1000,2025-08-07,"Liaison Strategies","QC","LPC",47
"LPC +22",1000,2025-08-07,"Liaison Strategies","QC","CPC",19
"LPC +22",1000,2025-08-07,"Liaison Strategies","QC","NDP",7
"LPC +22",1000,2025-08-07,"Liaison Strategies","QC","GPC",NA
"LPC +22",1000,2025-08-07,"Liaison Strategies","QC","BQ",25
"LPC +19",1686,2025-08-04,"Abacus Data","QC","LPC",44
"LPC +19",1686,2025-08-04,"Abacus Data","QC","CPC",23
"LPC +19",1686,2025-08-04,"Abacus Data","QC","NDP",6
"LPC +19",1686,2025-08-04,"Abacus Data","QC","GPC",NA
"LPC +19",1686,2025-08-04,"Abacus Data","QC","BQ",25
"LPC +8",1617,2025-08-03,"Léger","QC","LPC",39
"LPC +8",1617,2025-08-03,"Léger","QC","CPC",21
"LPC +8",1617,2025-08-03,"Léger","QC","NDP",4
"LPC +8",1617,2025-08-03,"Léger","QC","GPC",NA
"LPC +8",1617,2025-08-03,"Léger","QC","BQ",31
"LPC +15",1301,2025-07-31,"Pallas Data","QC","LPC",42
"LPC +15",1301,2025-07-31,"Pallas Data","QC","CPC",20
"LPC +15",1301,2025-07-31,"Pallas Data","QC","NDP",7
"LPC +15",1301,2025-07-31,"Pallas Data","QC","GPC",NA
"LPC +15",1301,2025-07-31,"Pallas Data","QC","BQ",27
"LPC +16",1915,2025-07-13,"Abacus Data","QC","LPC",44
"LPC +16",1915,2025-07-13,"Abacus Data","QC","CPC",22
"LPC +16",1915,2025-07-13,"Abacus Data","QC","NDP",3
"LPC +16",1915,2025-07-13,"Abacus Data","QC","GPC",NA
"LPC +16",1915,2025-07-13,"Abacus Data","QC","BQ",28
"LPC +19",1817,2025-07-11,"EKOS","QC","LPC",42
"LPC +19",1817,2025-07-11,"EKOS","QC","CPC",20
"LPC +19",1817,2025-07-11,"EKOS","QC","NDP",8
"LPC +19",1817,2025-07-11,"EKOS","QC","GPC",NA
"LPC +19",1817,2025-07-11,"EKOS","QC","BQ",23
"LPC +18",1546,2025-07-05,"Léger","QC","LPC",44
"LPC +18",1546,2025-07-05,"Léger","QC","CPC",22
"LPC +18",1546,2025-07-05,"Léger","QC","NDP",4
"LPC +18",1546,2025-07-05,"Léger","QC","GPC",NA
"LPC +18",1546,2025-07-05,"Léger","QC","BQ",26
"LPC +25",1001,2025-07-01,"Research Co.","QC","LPC",46
"LPC +25",1001,2025-07-01,"Research Co.","QC","CPC",21
"LPC +25",1001,2025-07-01,"Research Co.","QC","NDP",8
"LPC +25",1001,2025-07-01,"Research Co.","QC","GPC",NA
"LPC +25",1001,2025-07-01,"Research Co.","QC","BQ",19
"LPC +11",1500,2025-06-29,"Abacus Data","QC","LPC",42
"LPC +11",1500,2025-06-29,"Abacus Data","QC","CPC",19
"LPC +11",1500,2025-06-29,"Abacus Data","QC","NDP",4
"LPC +11",1500,2025-06-29,"Abacus Data","QC","GPC",NA
"LPC +11",1500,2025-06-29,"Abacus Data","QC","BQ",31
"LPC +19",1065,2025-06-21,"Léger","QC","LPC",44
"LPC +19",1065,2025-06-21,"Léger","QC","CPC",23
"LPC +19",1065,2025-06-21,"Léger","QC","NDP",5
"LPC +19",1065,2025-06-21,"Léger","QC","GPC",NA
"LPC +19",1065,2025-06-21,"Léger","QC","BQ",25
"LPC +10",1500,2025-06-18,"Abacus Data","QC","LPC",38
"LPC +10",1500,2025-06-18,"Abacus Data","QC","CPC",24
"LPC +10",1500,2025-06-18,"Abacus Data","QC","NDP",5
"LPC +10",1500,2025-06-18,"Abacus Data","QC","GPC",NA
"LPC +10",1500,2025-06-18,"Abacus Data","QC","BQ",28
"LPC +16",4029,2025-06-18,"Innovative Research","QC","LPC",44
"LPC +16",4029,2025-06-18,"Innovative Research","QC","CPC",20
"LPC +16",4029,2025-06-18,"Innovative Research","QC","NDP",4
"LPC +16",4029,2025-06-18,"Innovative Research","QC","GPC",NA
"LPC +16",4029,2025-06-18,"Innovative Research","QC","BQ",28
"LPC +13",2585,2025-06-04,"Abacus Data","QC","LPC",42
"LPC +13",2585,2025-06-04,"Abacus Data","QC","CPC",22
"LPC +13",2585,2025-06-04,"Abacus Data","QC","NDP",3
"LPC +13",2585,2025-06-04,"Abacus Data","QC","GPC",NA
"LPC +13",2585,2025-06-04,"Abacus Data","QC","BQ",29
"LPC +7",3450,2025-05-28,"Spark Advocacy","QC","LPC",38
"LPC +7",3450,2025-05-28,"Spark Advocacy","QC","CPC",21
"LPC +7",3450,2025-05-28,"Spark Advocacy","QC","NDP",3
"LPC +7",3450,2025-05-28,"Spark Advocacy","QC","GPC",NA
"LPC +7",3450,2025-05-28,"Spark Advocacy","QC","BQ",31
"LPC +7",2273,2025-05-18,"Abacus Data","QC","LPC",38
"LPC +7",2273,2025-05-18,"Abacus Data","QC","CPC",24
"LPC +7",2273,2025-05-18,"Abacus Data","QC","NDP",3
"LPC +7",2273,2025-05-18,"Abacus Data","QC","GPC",NA
"LPC +7",2273,2025-05-18,"Abacus Data","QC","BQ",31
"LPC +15",2517,2025-05-17,"Innovative Research","QC","LPC",41
"LPC +15",2517,2025-05-17,"Innovative Research","QC","CPC",24
"LPC +15",2517,2025-05-17,"Innovative Research","QC","NDP",7
"LPC +15",2517,2025-05-17,"Innovative Research","QC","GPC",NA
"LPC +15",2517,2025-05-17,"Innovative Research","QC","BQ",26
"LPC +15",1502,2025-04-30,"Léger","QC","LPC",43
"LPC +15",1502,2025-04-30,"Léger","QC","CPC",23
"LPC +15",1502,2025-04-30,"Léger","QC","NDP",5
"LPC +15",1502,2025-04-30,"Léger","QC","GPC",NA
"LPC +15",1502,2025-04-30,"Léger","QC","BQ",28
"LPC +1",4501,2025-10-12,"Abacus Data","ON","LPC",44
"LPC +1",4501,2025-10-12,"Abacus Data","ON","CPC",43
"LPC +1",4501,2025-10-12,"Abacus Data","ON","NDP",8
"LPC +1",4501,2025-10-12,"Abacus Data","ON","GPC",3
"LPC +1",4501,2025-10-12,"Abacus Data","ON","BQ",NA
"LPC +9",1562,2025-10-04,"Léger","ON","LPC",48
"LPC +9",1562,2025-10-04,"Léger","ON","CPC",39
"LPC +9",1562,2025-10-04,"Léger","ON","NDP",9
"LPC +9",1562,2025-10-04,"Léger","ON","GPC",3
"LPC +9",1562,2025-10-04,"Léger","ON","BQ",NA
"LPC +3",1504,2025-09-29,"Abacus Data","ON","LPC",45
"LPC +3",1504,2025-09-29,"Abacus Data","ON","CPC",42
"LPC +3",1504,2025-09-29,"Abacus Data","ON","NDP",7
"LPC +3",1504,2025-09-29,"Abacus Data","ON","GPC",3
"LPC +3",1504,2025-09-29,"Abacus Data","ON","BQ",NA
"LPC +2",1570,2025-09-21,"Angus Reid Institute","ON","LPC",44
"LPC +2",1570,2025-09-21,"Angus Reid Institute","ON","CPC",42
"LPC +2",1570,2025-09-21,"Angus Reid Institute","ON","NDP",10
"LPC +2",1570,2025-09-21,"Angus Reid Institute","ON","GPC",3
"LPC +2",1570,2025-09-21,"Angus Reid Institute","ON","BQ",NA
"LPC +9",1000,2025-09-20,"Liaison Strategies","ON","LPC",47
"LPC +9",1000,2025-09-20,"Liaison Strategies","ON","CPC",38
"LPC +9",1000,2025-09-20,"Liaison Strategies","ON","NDP",10
"LPC +9",1000,2025-09-20,"Liaison Strategies","ON","GPC",2
"LPC +9",1000,2025-09-20,"Liaison Strategies","ON","BQ",NA
"LPC +2",2230,2025-09-15,"Abacus Data","ON","LPC",45
"LPC +2",2230,2025-09-15,"Abacus Data","ON","CPC",43
"LPC +2",2230,2025-09-15,"Abacus Data","ON","NDP",6
"LPC +2",2230,2025-09-15,"Abacus Data","ON","GPC",3
"LPC +2",2230,2025-09-15,"Abacus Data","ON","BQ",NA
"LPC +7",958,2025-09-13,"Mainstreet Research","ON","LPC",48
"LPC +7",958,2025-09-13,"Mainstreet Research","ON","CPC",41
"LPC +7",958,2025-09-13,"Mainstreet Research","ON","NDP",6
"LPC +7",958,2025-09-13,"Mainstreet Research","ON","GPC",2
"LPC +7",958,2025-09-13,"Mainstreet Research","ON","BQ",NA
"LPC +9",1003,2025-09-11,"Research Co.","ON","LPC",48
"LPC +9",1003,2025-09-11,"Research Co.","ON","CPC",39
"LPC +9",1003,2025-09-11,"Research Co.","ON","NDP",7
"LPC +9",1003,2025-09-11,"Research Co.","ON","GPC",4
"LPC +9",1003,2025-09-11,"Research Co.","ON","BQ",NA
"LPC +14",1614,2025-09-09,"EKOS","ON","LPC",48
"LPC +14",1614,2025-09-09,"EKOS","ON","CPC",34
"LPC +14",1614,2025-09-09,"EKOS","ON","NDP",12
"LPC +14",1614,2025-09-09,"EKOS","ON","GPC",4
"LPC +14",1614,2025-09-09,"EKOS","ON","BQ",NA
"LPC +4",1001,2025-09-07,"Ipsos","ON","LPC",46
"LPC +4",1001,2025-09-07,"Ipsos","ON","CPC",42
"LPC +4",1001,2025-09-07,"Ipsos","ON","NDP",5
"LPC +4",1001,2025-09-07,"Ipsos","ON","GPC",3
"LPC +4",1001,2025-09-07,"Ipsos","ON","BQ",NA
"LPC +7",1592,2025-09-06,"Léger","ON","LPC",49
"LPC +7",1592,2025-09-06,"Léger","ON","CPC",42
"LPC +7",1592,2025-09-06,"Léger","ON","NDP",6
"LPC +7",1592,2025-09-06,"Léger","ON","GPC",3
"LPC +7",1592,2025-09-06,"Léger","ON","BQ",NA
"Tie",3656,2025-09-02,"Angus Reid Institute","ON","LPC",43
"Tie",3656,2025-09-02,"Angus Reid Institute","ON","CPC",43
"Tie",3656,2025-09-02,"Angus Reid Institute","ON","NDP",10
"Tie",3656,2025-09-02,"Angus Reid Institute","ON","GPC",3
"Tie",3656,2025-09-02,"Angus Reid Institute","ON","BQ",NA
"LPC +4",1500,2025-08-31,"Abacus Data","ON","LPC",47
"LPC +4",1500,2025-08-31,"Abacus Data","ON","CPC",43
"LPC +4",1500,2025-08-31,"Abacus Data","ON","NDP",5
"LPC +4",1500,2025-08-31,"Abacus Data","ON","GPC",2
"LPC +4",1500,2025-08-31,"Abacus Data","ON","BQ",NA
"LPC +8",1008,2025-08-30,"Mainstreet Research","ON","LPC",46
"LPC +8",1008,2025-08-30,"Mainstreet Research","ON","CPC",38
"LPC +8",1008,2025-08-30,"Mainstreet Research","ON","NDP",9
"LPC +8",1008,2025-08-30,"Mainstreet Research","ON","GPC",2
"LPC +8",1008,2025-08-30,"Mainstreet Research","ON","BQ",NA
"LPC +11",1000,2025-08-26,"Liaison Strategies","ON","LPC",47
"LPC +11",1000,2025-08-26,"Liaison Strategies","ON","CPC",36
"LPC +11",1000,2025-08-26,"Liaison Strategies","ON","NDP",11
"LPC +11",1000,2025-08-26,"Liaison Strategies","ON","GPC",3
"LPC +11",1000,2025-08-26,"Liaison Strategies","ON","BQ",NA
"LPC +2",1915,2025-08-17,"Abacus Data","ON","LPC",46
"LPC +2",1915,2025-08-17,"Abacus Data","ON","CPC",44
"LPC +2",1915,2025-08-17,"Abacus Data","ON","NDP",8
"LPC +2",1915,2025-08-17,"Abacus Data","ON","GPC",2
"LPC +2",1915,2025-08-17,"Abacus Data","ON","BQ",NA
"LPC +11",1000,2025-08-07,"Liaison Strategies","ON","LPC",47
"LPC +11",1000,2025-08-07,"Liaison Strategies","ON","CPC",36
"LPC +11",1000,2025-08-07,"Liaison Strategies","ON","NDP",12
"LPC +11",1000,2025-08-07,"Liaison Strategies","ON","GPC",3
"LPC +11",1000,2025-08-07,"Liaison Strategies","ON","BQ",NA
"LPC +7",1686,2025-08-04,"Abacus Data","ON","LPC",48
"LPC +7",1686,2025-08-04,"Abacus Data","ON","CPC",41
"LPC +7",1686,2025-08-04,"Abacus Data","ON","NDP",7
"LPC +7",1686,2025-08-04,"Abacus Data","ON","GPC",3
"LPC +7",1686,2025-08-04,"Abacus Data","ON","BQ",NA
"LPC +13",1617,2025-08-03,"Léger","ON","LPC",52
"LPC +13",1617,2025-08-03,"Léger","ON","CPC",39
"LPC +13",1617,2025-08-03,"Léger","ON","NDP",5
"LPC +13",1617,2025-08-03,"Léger","ON","GPC",3
"LPC +13",1617,2025-08-03,"Léger","ON","BQ",NA
"LPC +6",1301,2025-07-31,"Pallas Data","ON","LPC",47
"LPC +6",1301,2025-07-31,"Pallas Data","ON","CPC",41
"LPC +6",1301,2025-07-31,"Pallas Data","ON","NDP",6
"LPC +6",1301,2025-07-31,"Pallas Data","ON","GPC",2
"LPC +6",1301,2025-07-31,"Pallas Data","ON","BQ",NA
"LPC +3",1915,2025-07-13,"Abacus Data","ON","LPC",46
"LPC +3",1915,2025-07-13,"Abacus Data","ON","CPC",43
"LPC +3",1915,2025-07-13,"Abacus Data","ON","NDP",7
"LPC +3",1915,2025-07-13,"Abacus Data","ON","GPC",3
"LPC +3",1915,2025-07-13,"Abacus Data","ON","BQ",NA
"LPC +20",1817,2025-07-11,"EKOS","ON","LPC",50
"LPC +20",1817,2025-07-11,"EKOS","ON","CPC",30
"LPC +20",1817,2025-07-11,"EKOS","ON","NDP",12
"LPC +20",1817,2025-07-11,"EKOS","ON","GPC",4
"LPC +20",1817,2025-07-11,"EKOS","ON","BQ",NA
"LPC +16",1546,2025-07-05,"Léger","ON","LPC",53
"LPC +16",1546,2025-07-05,"Léger","ON","CPC",37
"LPC +16",1546,2025-07-05,"Léger","ON","NDP",5
"LPC +16",1546,2025-07-05,"Léger","ON","GPC",3
"LPC +16",1546,2025-07-05,"Léger","ON","BQ",NA
"LPC +12",1001,2025-07-01,"Research Co.","ON","LPC",53
"LPC +12",1001,2025-07-01,"Research Co.","ON","CPC",41
"LPC +12",1001,2025-07-01,"Research Co.","ON","NDP",4
"LPC +12",1001,2025-07-01,"Research Co.","ON","GPC",1
"LPC +12",1001,2025-07-01,"Research Co.","ON","BQ",NA
"LPC +1",1500,2025-06-29,"Abacus Data","ON","LPC",44
"LPC +1",1500,2025-06-29,"Abacus Data","ON","CPC",43
"LPC +1",1500,2025-06-29,"Abacus Data","ON","NDP",8
"LPC +1",1500,2025-06-29,"Abacus Data","ON","GPC",3
"LPC +1",1500,2025-06-29,"Abacus Data","ON","BQ",NA
"LPC +7",1500,2025-06-18,"Abacus Data","ON","LPC",48
"LPC +7",1500,2025-06-18,"Abacus Data","ON","CPC",41
"LPC +7",1500,2025-06-18,"Abacus Data","ON","NDP",6
"LPC +7",1500,2025-06-18,"Abacus Data","ON","GPC",2
"LPC +7",1500,2025-06-18,"Abacus Data","ON","BQ",NA
"LPC +5",4029,2025-06-18,"Innovative Research","ON","LPC",46
"LPC +5",4029,2025-06-18,"Innovative Research","ON","CPC",41
"LPC +5",4029,2025-06-18,"Innovative Research","ON","NDP",8
"LPC +5",4029,2025-06-18,"Innovative Research","ON","GPC",3
"LPC +5",4029,2025-06-18,"Innovative Research","ON","BQ",NA
"LPC +6",2585,2025-06-04,"Abacus Data","ON","LPC",47
"LPC +6",2585,2025-06-04,"Abacus Data","ON","CPC",41
"LPC +6",2585,2025-06-04,"Abacus Data","ON","NDP",7
"LPC +6",2585,2025-06-04,"Abacus Data","ON","GPC",2
"LPC +6",2585,2025-06-04,"Abacus Data","ON","BQ",NA
"LPC +2",3450,2025-05-28,"Spark Advocacy","ON","LPC",45
"LPC +2",3450,2025-05-28,"Spark Advocacy","ON","CPC",43
"LPC +2",3450,2025-05-28,"Spark Advocacy","ON","NDP",7
"LPC +2",3450,2025-05-28,"Spark Advocacy","ON","GPC",NA
"LPC +2",3450,2025-05-28,"Spark Advocacy","ON","BQ",NA
"LPC +17",1025,2025-05-24,"Léger","ON","LPC",54
"LPC +17",1025,2025-05-24,"Léger","ON","CPC",37
"LPC +17",1025,2025-05-24,"Léger","ON","NDP",5
"LPC +17",1025,2025-05-24,"Léger","ON","GPC",3
"LPC +17",1025,2025-05-24,"Léger","ON","BQ",NA
"LPC +6",2273,2025-05-18,"Abacus Data","ON","LPC",47
"LPC +6",2273,2025-05-18,"Abacus Data","ON","CPC",41
"LPC +6",2273,2025-05-18,"Abacus Data","ON","NDP",7
"LPC +6",2273,2025-05-18,"Abacus Data","ON","GPC",2
"LPC +6",2273,2025-05-18,"Abacus Data","ON","BQ",NA
"LPC +7",2517,2025-05-17,"Innovative Research","ON","LPC",47
"LPC +7",2517,2025-05-17,"Innovative Research","ON","CPC",40
"LPC +7",2517,2025-05-17,"Innovative Research","ON","NDP",8
"LPC +7",2517,2025-05-17,"Innovative Research","ON","GPC",3
"LPC +7",2517,2025-05-17,"Innovative Research","ON","BQ",NA
"LPC +5",1502,2025-04-30,"Léger","ON","LPC",49
"LPC +5",1502,2025-04-30,"Léger","ON","CPC",44
"LPC +5",1502,2025-04-30,"Léger","ON","NDP",5
"LPC +5",1502,2025-04-30,"Léger","ON","GPC",1
"LPC +5",1502,2025-04-30,"Léger","ON","BQ",NA
"CPC +17",4501,2025-10-12,"Abacus Data","MB/SK","LPC",34
"CPC +17",4501,2025-10-12,"Abacus Data","MB/SK","CPC",51
"CPC +17",4501,2025-10-12,"Abacus Data","MB/SK","NDP",12
"CPC +17",4501,2025-10-12,"Abacus Data","MB/SK","GPC",1
"CPC +17",4501,2025-10-12,"Abacus Data","MB/SK","BQ",NA
"CPC +23",1562,2025-10-04,"Léger","MB/SK","LPC",33
"CPC +23",1562,2025-10-04,"Léger","MB/SK","CPC",56
"CPC +23",1562,2025-10-04,"Léger","MB/SK","NDP",7
"CPC +23",1562,2025-10-04,"Léger","MB/SK","GPC",2
"CPC +23",1562,2025-10-04,"Léger","MB/SK","BQ",NA
"CPC +21",1504,2025-09-29,"Abacus Data","MB/SK","LPC",32
"CPC +21",1504,2025-09-29,"Abacus Data","MB/SK","CPC",53
"CPC +21",1504,2025-09-29,"Abacus Data","MB/SK","NDP",7
"CPC +21",1504,2025-09-29,"Abacus Data","MB/SK","GPC",7
"CPC +21",1504,2025-09-29,"Abacus Data","MB/SK","BQ",NA
"CPC +29",1570,2025-09-21,"Angus Reid Institute","MB/SK","LPC",28
"CPC +29",1570,2025-09-21,"Angus Reid Institute","MB/SK","CPC",57
"CPC +29",1570,2025-09-21,"Angus Reid Institute","MB/SK","NDP",14
"CPC +29",1570,2025-09-21,"Angus Reid Institute","MB/SK","GPC",1
"CPC +29",1570,2025-09-21,"Angus Reid Institute","MB/SK","BQ",NA
"CPC +17",1000,2025-09-20,"Liaison Strategies","MB/SK","LPC",31
"CPC +17",1000,2025-09-20,"Liaison Strategies","MB/SK","CPC",48
"CPC +17",1000,2025-09-20,"Liaison Strategies","MB/SK","NDP",12
"CPC +17",1000,2025-09-20,"Liaison Strategies","MB/SK","GPC",5
"CPC +17",1000,2025-09-20,"Liaison Strategies","MB/SK","BQ",NA
"CPC +24",2230,2025-09-15,"Abacus Data","MB/SK","LPC",31
"CPC +24",2230,2025-09-15,"Abacus Data","MB/SK","CPC",55
"CPC +24",2230,2025-09-15,"Abacus Data","MB/SK","NDP",9
"CPC +24",2230,2025-09-15,"Abacus Data","MB/SK","GPC",4
"CPC +24",2230,2025-09-15,"Abacus Data","MB/SK","BQ",NA
"CPC +21",1003,2025-09-11,"Research Co.","MB/SK","LPC",34
"CPC +21",1003,2025-09-11,"Research Co.","MB/SK","CPC",55
"CPC +21",1003,2025-09-11,"Research Co.","MB/SK","NDP",7
"CPC +21",1003,2025-09-11,"Research Co.","MB/SK","GPC",1
"CPC +21",1003,2025-09-11,"Research Co.","MB/SK","BQ",NA
"CPC +4",1614,2025-09-09,"EKOS","MB/SK","LPC",39
"CPC +4",1614,2025-09-09,"EKOS","MB/SK","CPC",43
"CPC +4",1614,2025-09-09,"EKOS","MB/SK","NDP",14
"CPC +4",1614,2025-09-09,"EKOS","MB/SK","GPC",1
"CPC +4",1614,2025-09-09,"EKOS","MB/SK","BQ",NA
"CPC +17",1001,2025-09-07,"Ipsos","MB/SK","LPC",33
"CPC +17",1001,2025-09-07,"Ipsos","MB/SK","CPC",50
"CPC +17",1001,2025-09-07,"Ipsos","MB/SK","NDP",16
"CPC +17",1001,2025-09-07,"Ipsos","MB/SK","GPC",0
"CPC +17",1001,2025-09-07,"Ipsos","MB/SK","BQ",NA
"CPC +8",1592,2025-09-06,"Léger","MB/SK","LPC",39
"CPC +8",1592,2025-09-06,"Léger","MB/SK","CPC",47
"CPC +8",1592,2025-09-06,"Léger","MB/SK","NDP",9
"CPC +8",1592,2025-09-06,"Léger","MB/SK","GPC",2
"CPC +8",1592,2025-09-06,"Léger","MB/SK","BQ",NA
"CPC +28",3656,2025-09-02,"Angus Reid Institute","MB/SK","LPC",29
"CPC +28",3656,2025-09-02,"Angus Reid Institute","MB/SK","CPC",57
"CPC +28",3656,2025-09-02,"Angus Reid Institute","MB/SK","NDP",13
"CPC +28",3656,2025-09-02,"Angus Reid Institute","MB/SK","GPC",1
"CPC +28",3656,2025-09-02,"Angus Reid Institute","MB/SK","BQ",NA
"CPC +11",1500,2025-08-31,"Abacus Data","MB/SK","LPC",39
"CPC +11",1500,2025-08-31,"Abacus Data","MB/SK","CPC",50
"CPC +11",1500,2025-08-31,"Abacus Data","MB/SK","NDP",10
"CPC +11",1500,2025-08-31,"Abacus Data","MB/SK","GPC",1
"CPC +11",1500,2025-08-31,"Abacus Data","MB/SK","BQ",NA
"CPC +26",1008,2025-08-30,"Mainstreet Research","MB/SK","LPC",32
"CPC +26",1008,2025-08-30,"Mainstreet Research","MB/SK","CPC",58
"CPC +26",1008,2025-08-30,"Mainstreet Research","MB/SK","NDP",7
"CPC +26",1008,2025-08-30,"Mainstreet Research","MB/SK","GPC",0
"CPC +26",1008,2025-08-30,"Mainstreet Research","MB/SK","BQ",NA
"CPC +17",1000,2025-08-26,"Liaison Strategies","MB/SK","LPC",31
"CPC +17",1000,2025-08-26,"Liaison Strategies","MB/SK","CPC",48
"CPC +17",1000,2025-08-26,"Liaison Strategies","MB/SK","NDP",12
"CPC +17",1000,2025-08-26,"Liaison Strategies","MB/SK","GPC",5
"CPC +17",1000,2025-08-26,"Liaison Strategies","MB/SK","BQ",NA
"CPC +17",1915,2025-08-17,"Abacus Data","MB/SK","LPC",35
"CPC +17",1915,2025-08-17,"Abacus Data","MB/SK","CPC",52
"CPC +17",1915,2025-08-17,"Abacus Data","MB/SK","NDP",9
"CPC +17",1915,2025-08-17,"Abacus Data","MB/SK","GPC",3
"CPC +17",1915,2025-08-17,"Abacus Data","MB/SK","BQ",NA
"CPC +17",1000,2025-08-07,"Liaison Strategies","MB/SK","LPC",32
"CPC +17",1000,2025-08-07,"Liaison Strategies","MB/SK","CPC",49
"CPC +17",1000,2025-08-07,"Liaison Strategies","MB/SK","NDP",13
"CPC +17",1000,2025-08-07,"Liaison Strategies","MB/SK","GPC",5
"CPC +17",1000,2025-08-07,"Liaison Strategies","MB/SK","BQ",NA
"CPC +18",1686,2025-08-04,"Abacus Data","MB/SK","LPC",34
"CPC +18",1686,2025-08-04,"Abacus Data","MB/SK","CPC",52
"CPC +18",1686,2025-08-04,"Abacus Data","MB/SK","NDP",13
"CPC +18",1686,2025-08-04,"Abacus Data","MB/SK","GPC",0
"CPC +18",1686,2025-08-04,"Abacus Data","MB/SK","BQ",NA
"CPC +14",1617,2025-08-03,"Léger","MB/SK","LPC",35
"CPC +14",1617,2025-08-03,"Léger","MB/SK","CPC",49
"CPC +14",1617,2025-08-03,"Léger","MB/SK","NDP",11
"CPC +14",1617,2025-08-03,"Léger","MB/SK","GPC",4
"CPC +14",1617,2025-08-03,"Léger","MB/SK","BQ",NA
"CPC +20",1301,2025-07-31,"Pallas Data","MB/SK","LPC",35
"CPC +20",1301,2025-07-31,"Pallas Data","MB/SK","CPC",55
"CPC +20",1301,2025-07-31,"Pallas Data","MB/SK","NDP",10
"CPC +20",1301,2025-07-31,"Pallas Data","MB/SK","GPC",0
"CPC +20",1301,2025-07-31,"Pallas Data","MB/SK","BQ",NA
"CPC +19",1915,2025-07-13,"Abacus Data","MB/SK","LPC",33
"CPC +19",1915,2025-07-13,"Abacus Data","MB/SK","CPC",52
"CPC +19",1915,2025-07-13,"Abacus Data","MB/SK","NDP",11
"CPC +19",1915,2025-07-13,"Abacus Data","MB/SK","GPC",2
"CPC +19",1915,2025-07-13,"Abacus Data","MB/SK","BQ",NA
"CPC +6",1817,2025-07-11,"EKOS","MB/SK","LPC",33
"CPC +6",1817,2025-07-11,"EKOS","MB/SK","CPC",39
"CPC +6",1817,2025-07-11,"EKOS","MB/SK","NDP",21
"CPC +6",1817,2025-07-11,"EKOS","MB/SK","GPC",1
"CPC +6",1817,2025-07-11,"EKOS","MB/SK","BQ",NA
"CPC +14",1546,2025-07-05,"Léger","MB/SK","LPC",35
"CPC +14",1546,2025-07-05,"Léger","MB/SK","CPC",49
"CPC +14",1546,2025-07-05,"Léger","MB/SK","NDP",10
"CPC +14",1546,2025-07-05,"Léger","MB/SK","GPC",5
"CPC +14",1546,2025-07-05,"Léger","MB/SK","BQ",NA
"CPC +6",1001,2025-07-01,"Research Co.","MB/SK","LPC",42
"CPC +6",1001,2025-07-01,"Research Co.","MB/SK","CPC",48
"CPC +6",1001,2025-07-01,"Research Co.","MB/SK","NDP",3
"CPC +6",1001,2025-07-01,"Research Co.","MB/SK","GPC",2
"CPC +6",1001,2025-07-01,"Research Co.","MB/SK","BQ",NA
"CPC +21",1500,2025-06-29,"Abacus Data","MB/SK","LPC",33
"CPC +21",1500,2025-06-29,"Abacus Data","MB/SK","CPC",54
"CPC +21",1500,2025-06-29,"Abacus Data","MB/SK","NDP",11
"CPC +21",1500,2025-06-29,"Abacus Data","MB/SK","GPC",1
"CPC +21",1500,2025-06-29,"Abacus Data","MB/SK","BQ",NA
"CPC +6",1500,2025-06-18,"Abacus Data","MB/SK","LPC",39
"CPC +6",1500,2025-06-18,"Abacus Data","MB/SK","CPC",45
"CPC +6",1500,2025-06-18,"Abacus Data","MB/SK","NDP",13
"CPC +6",1500,2025-06-18,"Abacus Data","MB/SK","GPC",2
"CPC +6",1500,2025-06-18,"Abacus Data","MB/SK","BQ",NA
"CPC +13",4029,2025-06-18,"Innovative Research","MB/SK","LPC",36
"CPC +13",4029,2025-06-18,"Innovative Research","MB/SK","CPC",49
"CPC +13",4029,2025-06-18,"Innovative Research","MB/SK","NDP",10
"CPC +13",4029,2025-06-18,"Innovative Research","MB/SK","GPC",3
"CPC +13",4029,2025-06-18,"Innovative Research","MB/SK","BQ",NA
"CPC +23",2585,2025-06-04,"Abacus Data","MB/SK","LPC",31
"CPC +23",2585,2025-06-04,"Abacus Data","MB/SK","CPC",54
"CPC +23",2585,2025-06-04,"Abacus Data","MB/SK","NDP",13
"CPC +23",2585,2025-06-04,"Abacus Data","MB/SK","GPC",1
"CPC +23",2585,2025-06-04,"Abacus Data","MB/SK","BQ",NA
"CPC +12",3450,2025-05-28,"Spark Advocacy","MB/SK","LPC",36
"CPC +12",3450,2025-05-28,"Spark Advocacy","MB/SK","CPC",48
"CPC +12",3450,2025-05-28,"Spark Advocacy","MB/SK","NDP",14
"CPC +12",3450,2025-05-28,"Spark Advocacy","MB/SK","GPC",NA
"CPC +12",3450,2025-05-28,"Spark Advocacy","MB/SK","BQ",NA
"CPC +26",2273,2025-05-18,"Abacus Data","MB/SK","LPC",27
"CPC +26",2273,2025-05-18,"Abacus Data","MB/SK","CPC",53
"CPC +26",2273,2025-05-18,"Abacus Data","MB/SK","NDP",16
"CPC +26",2273,2025-05-18,"Abacus Data","MB/SK","GPC",3
"CPC +26",2273,2025-05-18,"Abacus Data","MB/SK","BQ",NA
"CPC +21",2517,2025-05-17,"Innovative Research","MB/SK","LPC",28
"CPC +21",2517,2025-05-17,"Innovative Research","MB/SK","CPC",49
"CPC +21",2517,2025-05-17,"Innovative Research","MB/SK","NDP",14
"CPC +21",2517,2025-05-17,"Innovative Research","MB/SK","GPC",5
"CPC +21",2517,2025-05-17,"Innovative Research","MB/SK","BQ",NA
"CPC +21",1502,2025-04-30,"Léger","MB/SK","LPC",35
"CPC +21",1502,2025-04-30,"Léger","MB/SK","CPC",56
"CPC +21",1502,2025-04-30,"Léger","MB/SK","NDP",10
"CPC +21",1502,2025-04-30,"Léger","MB/SK","GPC",0
"CPC +21",1502,2025-04-30,"Léger","MB/SK","BQ",NA
"CPC +34",4501,2025-10-12,"Abacus Data","AB","LPC",27
"CPC +34",4501,2025-10-12,"Abacus Data","AB","CPC",61
"CPC +34",4501,2025-10-12,"Abacus Data","AB","NDP",9
"CPC +34",4501,2025-10-12,"Abacus Data","AB","GPC",1
"CPC +34",4501,2025-10-12,"Abacus Data","AB","BQ",NA
"CPC +32",1562,2025-10-04,"Léger","AB","LPC",31
"CPC +32",1562,2025-10-04,"Léger","AB","CPC",63
"CPC +32",1562,2025-10-04,"Léger","AB","NDP",4
"CPC +32",1562,2025-10-04,"Léger","AB","GPC",0
"CPC +32",1562,2025-10-04,"Léger","AB","BQ",NA
"CPC +32",1504,2025-09-29,"Abacus Data","AB","LPC",25
"CPC +32",1504,2025-09-29,"Abacus Data","AB","CPC",57
"CPC +32",1504,2025-09-29,"Abacus Data","AB","NDP",11
"CPC +32",1504,2025-09-29,"Abacus Data","AB","GPC",1
"CPC +32",1504,2025-09-29,"Abacus Data","AB","BQ",NA
"CPC +44",1570,2025-09-21,"Angus Reid Institute","AB","LPC",21
"CPC +44",1570,2025-09-21,"Angus Reid Institute","AB","CPC",65
"CPC +44",1570,2025-09-21,"Angus Reid Institute","AB","NDP",11
"CPC +44",1570,2025-09-21,"Angus Reid Institute","AB","GPC",0
"CPC +44",1570,2025-09-21,"Angus Reid Institute","AB","BQ",NA
"CPC +17",1000,2025-09-20,"Liaison Strategies","AB","LPC",34
"CPC +17",1000,2025-09-20,"Liaison Strategies","AB","CPC",51
"CPC +17",1000,2025-09-20,"Liaison Strategies","AB","NDP",10
"CPC +17",1000,2025-09-20,"Liaison Strategies","AB","GPC",1
"CPC +17",1000,2025-09-20,"Liaison Strategies","AB","BQ",NA
"CPC +32",2230,2025-09-15,"Abacus Data","AB","LPC",28
"CPC +32",2230,2025-09-15,"Abacus Data","AB","CPC",60
"CPC +32",2230,2025-09-15,"Abacus Data","AB","NDP",9
"CPC +32",2230,2025-09-15,"Abacus Data","AB","GPC",1
"CPC +32",2230,2025-09-15,"Abacus Data","AB","BQ",NA
"CPC +24",1003,2025-09-11,"Research Co.","AB","LPC",32
"CPC +24",1003,2025-09-11,"Research Co.","AB","CPC",56
"CPC +24",1003,2025-09-11,"Research Co.","AB","NDP",9
"CPC +24",1003,2025-09-11,"Research Co.","AB","GPC",1
"CPC +24",1003,2025-09-11,"Research Co.","AB","BQ",NA
"CPC +29",1614,2025-09-09,"EKOS","AB","LPC",27
"CPC +29",1614,2025-09-09,"EKOS","AB","CPC",56
"CPC +29",1614,2025-09-09,"EKOS","AB","NDP",8
"CPC +29",1614,2025-09-09,"EKOS","AB","GPC",2
"CPC +29",1614,2025-09-09,"EKOS","AB","BQ",NA
"CPC +32",1001,2025-09-07,"Ipsos","AB","LPC",29
"CPC +32",1001,2025-09-07,"Ipsos","AB","CPC",61
"CPC +32",1001,2025-09-07,"Ipsos","AB","NDP",8
"CPC +32",1001,2025-09-07,"Ipsos","AB","GPC",0
"CPC +32",1001,2025-09-07,"Ipsos","AB","BQ",NA
"CPC +10",1592,2025-09-06,"Léger","AB","LPC",39
"CPC +10",1592,2025-09-06,"Léger","AB","CPC",49
"CPC +10",1592,2025-09-06,"Léger","AB","NDP",5
"CPC +10",1592,2025-09-06,"Léger","AB","GPC",2
"CPC +10",1592,2025-09-06,"Léger","AB","BQ",NA
"CPC +37",3656,2025-09-02,"Angus Reid Institute","AB","LPC",25
"CPC +37",3656,2025-09-02,"Angus Reid Institute","AB","CPC",62
"CPC +37",3656,2025-09-02,"Angus Reid Institute","AB","NDP",10
"CPC +37",3656,2025-09-02,"Angus Reid Institute","AB","GPC",1
"CPC +37",3656,2025-09-02,"Angus Reid Institute","AB","BQ",NA
"CPC +29",1500,2025-08-31,"Abacus Data","AB","LPC",29
"CPC +29",1500,2025-08-31,"Abacus Data","AB","CPC",58
"CPC +29",1500,2025-08-31,"Abacus Data","AB","NDP",10
"CPC +29",1500,2025-08-31,"Abacus Data","AB","GPC",1
"CPC +29",1500,2025-08-31,"Abacus Data","AB","BQ",NA
"CPC +34",1008,2025-08-30,"Mainstreet Research","AB","LPC",25
"CPC +34",1008,2025-08-30,"Mainstreet Research","AB","CPC",59
"CPC +34",1008,2025-08-30,"Mainstreet Research","AB","NDP",13
"CPC +34",1008,2025-08-30,"Mainstreet Research","AB","GPC",0
"CPC +34",1008,2025-08-30,"Mainstreet Research","AB","BQ",NA
"CPC +21",1000,2025-08-26,"Liaison Strategies","AB","LPC",32
"CPC +21",1000,2025-08-26,"Liaison Strategies","AB","CPC",53
"CPC +21",1000,2025-08-26,"Liaison Strategies","AB","NDP",9
"CPC +21",1000,2025-08-26,"Liaison Strategies","AB","GPC",1
"CPC +21",1000,2025-08-26,"Liaison Strategies","AB","BQ",NA
"CPC +36",1915,2025-08-17,"Abacus Data","AB","LPC",26
"CPC +36",1915,2025-08-17,"Abacus Data","AB","CPC",62
"CPC +36",1915,2025-08-17,"Abacus Data","AB","NDP",8
"CPC +36",1915,2025-08-17,"Abacus Data","AB","GPC",2
"CPC +36",1915,2025-08-17,"Abacus Data","AB","BQ",NA
"CPC +32",1000,2025-08-07,"Liaison Strategies","AB","LPC",27
"CPC +32",1000,2025-08-07,"Liaison Strategies","AB","CPC",59
"CPC +32",1000,2025-08-07,"Liaison Strategies","AB","NDP",8
"CPC +32",1000,2025-08-07,"Liaison Strategies","AB","GPC",2
"CPC +32",1000,2025-08-07,"Liaison Strategies","AB","BQ",NA
"CPC +35",1686,2025-08-04,"Abacus Data","AB","LPC",27
"CPC +35",1686,2025-08-04,"Abacus Data","AB","CPC",62
"CPC +35",1686,2025-08-04,"Abacus Data","AB","NDP",8
"CPC +35",1686,2025-08-04,"Abacus Data","AB","GPC",1
"CPC +35",1686,2025-08-04,"Abacus Data","AB","BQ",NA
"CPC +20",1617,2025-08-03,"Léger","AB","LPC",33
"CPC +20",1617,2025-08-03,"Léger","AB","CPC",53
"CPC +20",1617,2025-08-03,"Léger","AB","NDP",8
"CPC +20",1617,2025-08-03,"Léger","AB","GPC",5
"CPC +20",1617,2025-08-03,"Léger","AB","BQ",NA
"CPC +43",1301,2025-07-31,"Pallas Data","AB","LPC",21
"CPC +43",1301,2025-07-31,"Pallas Data","AB","CPC",64
"CPC +43",1301,2025-07-31,"Pallas Data","AB","NDP",9
"CPC +43",1301,2025-07-31,"Pallas Data","AB","GPC",1
"CPC +43",1301,2025-07-31,"Pallas Data","AB","BQ",NA
"CPC +29",1915,2025-07-13,"Abacus Data","AB","LPC",29
"CPC +29",1915,2025-07-13,"Abacus Data","AB","CPC",58
"CPC +29",1915,2025-07-13,"Abacus Data","AB","NDP",8
"CPC +29",1915,2025-07-13,"Abacus Data","AB","GPC",1
"CPC +29",1915,2025-07-13,"Abacus Data","AB","BQ",NA
"CPC +12",1817,2025-07-11,"EKOS","AB","LPC",36
"CPC +12",1817,2025-07-11,"EKOS","AB","CPC",48
"CPC +12",1817,2025-07-11,"EKOS","AB","NDP",9
"CPC +12",1817,2025-07-11,"EKOS","AB","GPC",2
"CPC +12",1817,2025-07-11,"EKOS","AB","BQ",NA
"CPC +9",1546,2025-07-05,"Léger","AB","LPC",39
"CPC +9",1546,2025-07-05,"Léger","AB","CPC",48
"CPC +9",1546,2025-07-05,"Léger","AB","NDP",8
"CPC +9",1546,2025-07-05,"Léger","AB","GPC",3
"CPC +9",1546,2025-07-05,"Léger","AB","BQ",NA
"CPC +17",1001,2025-07-01,"Research Co.","AB","LPC",36
"CPC +17",1001,2025-07-01,"Research Co.","AB","CPC",53
"CPC +17",1001,2025-07-01,"Research Co.","AB","NDP",7
"CPC +17",1001,2025-07-01,"Research Co.","AB","GPC",2
"CPC +17",1001,2025-07-01,"Research Co.","AB","BQ",NA
"CPC +33",1500,2025-06-29,"Abacus Data","AB","LPC",27
"CPC +33",1500,2025-06-29,"Abacus Data","AB","CPC",60
"CPC +33",1500,2025-06-29,"Abacus Data","AB","NDP",10
"CPC +33",1500,2025-06-29,"Abacus Data","AB","GPC",0
"CPC +33",1500,2025-06-29,"Abacus Data","AB","BQ",NA
"CPC +41",1500,2025-06-18,"Abacus Data","AB","LPC",24
"CPC +41",1500,2025-06-18,"Abacus Data","AB","CPC",65
"CPC +41",1500,2025-06-18,"Abacus Data","AB","NDP",6
"CPC +41",1500,2025-06-18,"Abacus Data","AB","GPC",2
"CPC +41",1500,2025-06-18,"Abacus Data","AB","BQ",NA
"CPC +33",4029,2025-06-18,"Innovative Research","AB","LPC",26
"CPC +33",4029,2025-06-18,"Innovative Research","AB","CPC",59
"CPC +33",4029,2025-06-18,"Innovative Research","AB","NDP",10
"CPC +33",4029,2025-06-18,"Innovative Research","AB","GPC",3
"CPC +33",4029,2025-06-18,"Innovative Research","AB","BQ",NA
"CPC +37",2585,2025-06-04,"Abacus Data","AB","LPC",26
"CPC +37",2585,2025-06-04,"Abacus Data","AB","CPC",63
"CPC +37",2585,2025-06-04,"Abacus Data","AB","NDP",10
"CPC +37",2585,2025-06-04,"Abacus Data","AB","GPC",0
"CPC +37",2585,2025-06-04,"Abacus Data","AB","BQ",NA
"CPC +34",3450,2025-05-28,"Spark Advocacy","AB","LPC",28
"CPC +34",3450,2025-05-28,"Spark Advocacy","AB","CPC",62
"CPC +34",3450,2025-05-28,"Spark Advocacy","AB","NDP",7
"CPC +34",3450,2025-05-28,"Spark Advocacy","AB","GPC",NA
"CPC +34",3450,2025-05-28,"Spark Advocacy","AB","BQ",NA
"CPC +35",2273,2025-05-18,"Abacus Data","AB","LPC",27
"CPC +35",2273,2025-05-18,"Abacus Data","AB","CPC",62
"CPC +35",2273,2025-05-18,"Abacus Data","AB","NDP",9
"CPC +35",2273,2025-05-18,"Abacus Data","AB","GPC",0
"CPC +35",2273,2025-05-18,"Abacus Data","AB","BQ",NA
"CPC +38",2517,2025-05-17,"Innovative Research","AB","LPC",24
"CPC +38",2517,2025-05-17,"Innovative Research","AB","CPC",62
"CPC +38",2517,2025-05-17,"Innovative Research","AB","NDP",8
"CPC +38",2517,2025-05-17,"Innovative Research","AB","GPC",2
"CPC +38",2517,2025-05-17,"Innovative Research","AB","BQ",NA
"CPC +36",1502,2025-04-30,"Léger","AB","LPC",28
"CPC +36",1502,2025-04-30,"Léger","AB","CPC",64
"CPC +36",1502,2025-04-30,"Léger","AB","NDP",6
"CPC +36",1502,2025-04-30,"Léger","AB","GPC",2
"CPC +36",1502,2025-04-30,"Léger","AB","BQ",NA
"CPC +2",4501,2025-10-12,"Abacus Data","BC","LPC",40
"CPC +2",4501,2025-10-12,"Abacus Data","BC","CPC",42
"CPC +2",4501,2025-10-12,"Abacus Data","BC","NDP",12
"CPC +2",4501,2025-10-12,"Abacus Data","BC","GPC",5
"CPC +2",4501,2025-10-12,"Abacus Data","BC","BQ",NA
"LPC +25",1562,2025-10-04,"Léger","BC","LPC",56
"LPC +25",1562,2025-10-04,"Léger","BC","CPC",31
"LPC +25",1562,2025-10-04,"Léger","BC","NDP",8
"LPC +25",1562,2025-10-04,"Léger","BC","GPC",4
"LPC +25",1562,2025-10-04,"Léger","BC","BQ",NA
"Tie",1504,2025-09-29,"Abacus Data","BC","LPC",41
"Tie",1504,2025-09-29,"Abacus Data","BC","CPC",41
"Tie",1504,2025-09-29,"Abacus Data","BC","NDP",15
"Tie",1504,2025-09-29,"Abacus Data","BC","GPC",2
"Tie",1504,2025-09-29,"Abacus Data","BC","BQ",NA
"CPC +6",1570,2025-09-21,"Angus Reid Institute","BC","LPC",36
"CPC +6",1570,2025-09-21,"Angus Reid Institute","BC","CPC",42
"CPC +6",1570,2025-09-21,"Angus Reid Institute","BC","NDP",16
"CPC +6",1570,2025-09-21,"Angus Reid Institute","BC","GPC",4
"CPC +6",1570,2025-09-21,"Angus Reid Institute","BC","BQ",NA
"LPC +3",1000,2025-09-20,"Liaison Strategies","BC","LPC",41
"LPC +3",1000,2025-09-20,"Liaison Strategies","BC","CPC",38
"LPC +3",1000,2025-09-20,"Liaison Strategies","BC","NDP",16
"LPC +3",1000,2025-09-20,"Liaison Strategies","BC","GPC",2
"LPC +3",1000,2025-09-20,"Liaison Strategies","BC","BQ",NA
"CPC +6",2230,2025-09-15,"Abacus Data","BC","LPC",37
"CPC +6",2230,2025-09-15,"Abacus Data","BC","CPC",43
"CPC +6",2230,2025-09-15,"Abacus Data","BC","NDP",14
"CPC +6",2230,2025-09-15,"Abacus Data","BC","GPC",5
"CPC +6",2230,2025-09-15,"Abacus Data","BC","BQ",NA
"LPC +13",1003,2025-09-11,"Research Co.","BC","LPC",49
"LPC +13",1003,2025-09-11,"Research Co.","BC","CPC",36
"LPC +13",1003,2025-09-11,"Research Co.","BC","NDP",10
"LPC +13",1003,2025-09-11,"Research Co.","BC","GPC",2
"LPC +13",1003,2025-09-11,"Research Co.","BC","BQ",NA
"CPC +3",1614,2025-09-09,"EKOS","BC","LPC",33
"CPC +3",1614,2025-09-09,"EKOS","BC","CPC",36
"CPC +3",1614,2025-09-09,"EKOS","BC","NDP",25
"CPC +3",1614,2025-09-09,"EKOS","BC","GPC",4
"CPC +3",1614,2025-09-09,"EKOS","BC","BQ",NA
"LPC +3",1001,2025-09-07,"Ipsos","BC","LPC",44
"LPC +3",1001,2025-09-07,"Ipsos","BC","CPC",41
"LPC +3",1001,2025-09-07,"Ipsos","BC","NDP",13
"LPC +3",1001,2025-09-07,"Ipsos","BC","GPC",2
"LPC +3",1001,2025-09-07,"Ipsos","BC","BQ",NA
"LPC +14",1592,2025-09-06,"Léger","BC","LPC",53
"LPC +14",1592,2025-09-06,"Léger","BC","CPC",39
"LPC +14",1592,2025-09-06,"Léger","BC","NDP",7
"LPC +14",1592,2025-09-06,"Léger","BC","GPC",0
"LPC +14",1592,2025-09-06,"Léger","BC","BQ",NA
"CPC +3",3656,2025-09-02,"Angus Reid Institute","BC","LPC",38
"CPC +3",3656,2025-09-02,"Angus Reid Institute","BC","CPC",41
"CPC +3",3656,2025-09-02,"Angus Reid Institute","BC","NDP",15
"CPC +3",3656,2025-09-02,"Angus Reid Institute","BC","GPC",3
"CPC +3",3656,2025-09-02,"Angus Reid Institute","BC","BQ",NA
"CPC +3",1500,2025-08-31,"Abacus Data","BC","LPC",39
"CPC +3",1500,2025-08-31,"Abacus Data","BC","CPC",42
"CPC +3",1500,2025-08-31,"Abacus Data","BC","NDP",13
"CPC +3",1500,2025-08-31,"Abacus Data","BC","GPC",5
"CPC +3",1500,2025-08-31,"Abacus Data","BC","BQ",NA
"LPC +6",1008,2025-08-30,"Mainstreet Research","BC","LPC",49
"LPC +6",1008,2025-08-30,"Mainstreet Research","BC","CPC",43
"LPC +6",1008,2025-08-30,"Mainstreet Research","BC","NDP",8
"LPC +6",1008,2025-08-30,"Mainstreet Research","BC","GPC",1
"LPC +6",1008,2025-08-30,"Mainstreet Research","BC","BQ",NA
"LPC +3",1000,2025-08-26,"Liaison Strategies","BC","LPC",41
"LPC +3",1000,2025-08-26,"Liaison Strategies","BC","CPC",38
"LPC +3",1000,2025-08-26,"Liaison Strategies","BC","NDP",16
"LPC +3",1000,2025-08-26,"Liaison Strategies","BC","GPC",3
"LPC +3",1000,2025-08-26,"Liaison Strategies","BC","BQ",NA
"CPC +1",1915,2025-08-17,"Abacus Data","BC","LPC",42
"CPC +1",1915,2025-08-17,"Abacus Data","BC","CPC",43
"CPC +1",1915,2025-08-17,"Abacus Data","BC","NDP",12
"CPC +1",1915,2025-08-17,"Abacus Data","BC","GPC",3
"CPC +1",1915,2025-08-17,"Abacus Data","BC","BQ",NA
"LPC +5",1000,2025-08-07,"Liaison Strategies","BC","LPC",42
"LPC +5",1000,2025-08-07,"Liaison Strategies","BC","CPC",37
"LPC +5",1000,2025-08-07,"Liaison Strategies","BC","NDP",17
"LPC +5",1000,2025-08-07,"Liaison Strategies","BC","GPC",4
"LPC +5",1000,2025-08-07,"Liaison Strategies","BC","BQ",NA
"Tie",1686,2025-08-04,"Abacus Data","BC","LPC",39
"Tie",1686,2025-08-04,"Abacus Data","BC","CPC",39
"Tie",1686,2025-08-04,"Abacus Data","BC","NDP",16
"Tie",1686,2025-08-04,"Abacus Data","BC","GPC",3
"Tie",1686,2025-08-04,"Abacus Data","BC","BQ",NA
"LPC +11",1617,2025-08-03,"Léger","BC","LPC",50
"LPC +11",1617,2025-08-03,"Léger","BC","CPC",39
"LPC +11",1617,2025-08-03,"Léger","BC","NDP",8
"LPC +11",1617,2025-08-03,"Léger","BC","GPC",2
"LPC +11",1617,2025-08-03,"Léger","BC","BQ",NA
"LPC +13",1301,2025-07-31,"Pallas Data","BC","LPC",46
"LPC +13",1301,2025-07-31,"Pallas Data","BC","CPC",33
"LPC +13",1301,2025-07-31,"Pallas Data","BC","NDP",13
"LPC +13",1301,2025-07-31,"Pallas Data","BC","GPC",7
"LPC +13",1301,2025-07-31,"Pallas Data","BC","BQ",NA
"LPC +1",1915,2025-07-13,"Abacus Data","BC","LPC",40
"LPC +1",1915,2025-07-13,"Abacus Data","BC","CPC",39
"LPC +1",1915,2025-07-13,"Abacus Data","BC","NDP",14
"LPC +1",1915,2025-07-13,"Abacus Data","BC","GPC",6
"LPC +1",1915,2025-07-13,"Abacus Data","BC","BQ",NA
"CPC +3",1817,2025-07-11,"EKOS","BC","LPC",33
"CPC +3",1817,2025-07-11,"EKOS","BC","CPC",36
"CPC +3",1817,2025-07-11,"EKOS","BC","NDP",21
"CPC +3",1817,2025-07-11,"EKOS","BC","GPC",6
"CPC +3",1817,2025-07-11,"EKOS","BC","BQ",NA
"LPC +9",1546,2025-07-05,"Léger","BC","LPC",46
"LPC +9",1546,2025-07-05,"Léger","BC","CPC",37
"LPC +9",1546,2025-07-05,"Léger","BC","NDP",11
"LPC +9",1546,2025-07-05,"Léger","BC","GPC",3
"LPC +9",1546,2025-07-05,"Léger","BC","BQ",NA
"LPC +15",1001,2025-07-01,"Research Co.","BC","LPC",52
"LPC +15",1001,2025-07-01,"Research Co.","BC","CPC",37
"LPC +15",1001,2025-07-01,"Research Co.","BC","NDP",7
"LPC +15",1001,2025-07-01,"Research Co.","BC","GPC",5
"LPC +15",1001,2025-07-01,"Research Co.","BC","BQ",NA
"CPC +2",1500,2025-06-29,"Abacus Data","BC","LPC",39
"CPC +2",1500,2025-06-29,"Abacus Data","BC","CPC",41
"CPC +2",1500,2025-06-29,"Abacus Data","BC","NDP",14
"CPC +2",1500,2025-06-29,"Abacus Data","BC","GPC",5
"CPC +2",1500,2025-06-29,"Abacus Data","BC","BQ",NA
"LPC +9",1500,2025-06-18,"Abacus Data","BC","LPC",45
"LPC +9",1500,2025-06-18,"Abacus Data","BC","CPC",36
"LPC +9",1500,2025-06-18,"Abacus Data","BC","NDP",12
"LPC +9",1500,2025-06-18,"Abacus Data","BC","GPC",5
"LPC +9",1500,2025-06-18,"Abacus Data","BC","BQ",NA
"LPC +1",4029,2025-06-18,"Innovative Research","BC","LPC",41
"LPC +1",4029,2025-06-18,"Innovative Research","BC","CPC",40
"LPC +1",4029,2025-06-18,"Innovative Research","BC","NDP",13
"LPC +1",4029,2025-06-18,"Innovative Research","BC","GPC",5
"LPC +1",4029,2025-06-18,"Innovative Research","BC","BQ",NA
"LPC +1",2585,2025-06-04,"Abacus Data","BC","LPC",39
"LPC +1",2585,2025-06-04,"Abacus Data","BC","CPC",38
"LPC +1",2585,2025-06-04,"Abacus Data","BC","NDP",15
"LPC +1",2585,2025-06-04,"Abacus Data","BC","GPC",5
"LPC +1",2585,2025-06-04,"Abacus Data","BC","BQ",NA
"CPC +1",3450,2025-05-28,"Spark Advocacy","BC","LPC",39
"CPC +1",3450,2025-05-28,"Spark Advocacy","BC","CPC",40
"CPC +1",3450,2025-05-28,"Spark Advocacy","BC","NDP",15
"CPC +1",3450,2025-05-28,"Spark Advocacy","BC","GPC",NA
"CPC +1",3450,2025-05-28,"Spark Advocacy","BC","BQ",NA
"LPC +2",2273,2025-05-18,"Abacus Data","BC","LPC",41
"LPC +2",2273,2025-05-18,"Abacus Data","BC","CPC",39
"LPC +2",2273,2025-05-18,"Abacus Data","BC","NDP",15
"LPC +2",2273,2025-05-18,"Abacus Data","BC","GPC",5
"LPC +2",2273,2025-05-18,"Abacus Data","BC","BQ",NA
"LPC +4",2517,2025-05-17,"Innovative Research","BC","LPC",42
"LPC +4",2517,2025-05-17,"Innovative Research","BC","CPC",38
"LPC +4",2517,2025-05-17,"Innovative Research","BC","NDP",12
"LPC +4",2517,2025-05-17,"Innovative Research","BC","GPC",6
"LPC +4",2517,2025-05-17,"Innovative Research","BC","BQ",NA
"LPC +1",1502,2025-04-30,"Léger","BC","LPC",42
"LPC +1",1502,2025-04-30,"Léger","BC","CPC",41
"LPC +1",1502,2025-04-30,"Léger","BC","NDP",13
"LPC +1",1502,2025-04-30,"Léger","BC","GPC",1
"LPC +1",1502,2025-04-30,"Léger","BC","BQ",NA
